id,ws50,precip_mm_yr
0,6.14,621
1,6.14,621
2,6.14,621
3,6.14,621
4,6.14,621
5,6.14,621
6,6.91,610
7,6.91,610
8,6.14,621
9,6.14,621
10,6.14,621
11,6.14,621
12,6.14,621
13,6.14,621
14,6.29,577
15,6.29,577
16,6.29,577
17,5.94,559
18,5.94,559
19,5.94,559
20,5.94,559
21,5.94,559
22,5.94,559
23,5.56,555
24,6.29,577
25,6.29,577
26,6.29,577
27,5.94,559
28,5.94,559
29,5.94,559
30,5.94,559
31,5.94,559
32,5.94,559
33,5.56,555
34,5.56,555
35,6.29,577
36,6.29,577
37,6.29,577
38,5.94,559
39,5.94,559
40,5.94,559
41,5.94,559
42,5.94,559
43,5.94,559
44,5.56,555
45,5.56,555
46,5.56,555
47,5.56,555
48,5.56,555
49,5.56,555
50,5.36,504
51,6.29,577
52,6.29,577
53,6.29,577
54,6.29,577
55,6.29,577
56,5.94,559
57,5.94,559
58,5.94,559
59,5.94,559
60,5.94,559
61,5.94,559
62,5.56,555
63,5.56,555
64,5.56,555
65,5.56,555
66,5.56,555
67,5.56,555
68,5.36,504
69,5.36,504
70,6.29,577
71,6.29,577
72,6.29,577
73,6.29,577
74,6.29,577
75,5.94,559
76,5.94,559
77,5.94,559
78,5.94,559
79,5.94,559
80,5.94,559
81,5.56,555
82,5.56,555
83,5.56,555
84,5.56,555
85,5.56,555
86,5.56,555
87,5.36,504
88,5.36,504
89,5.36,504
90,5.36,504
91,5.36,504
92,5.36,504
93,5.34,424
94,5.34,424
95,5.34,424
96,5.34,424
97,5.34,424
98,5.34,424
99,5.65,329
100,5.65,329
101,5.65,329
102,5.65,329
103,5.65,329
104,6.14,281
105,6.14,281
106,6.46,285
107,5.42,504
108,5.42,504
109,5.42,504
110,5.42,504
111,5.42,504
112,5.2,519
113,5.2,519
114,5.2,519
115,5.2,519
116,5.2,519
117,5.2,519
118,4.85,511
119,4.85,511
120,4.85,511
121,4.85,511
122,4.85,511
123,4.85,511
124,4.46,468
125,4.46,468
126,4.46,468
127,4.46,468
128,4.46,468
129,4.46,468
130,4.19,398
131,4.19,398
132,4.19,398
133,4.19,398
134,4.19,398
135,4.19,398
136,4.19,398
137,4.24,303
138,4.24,303
139,4.24,303
140,4.24,303
141,4.24,303
142,4.24,303
143,4.66,237
144,4.66,237
145,4.66,237
146,4.66,237
147,4.66,237
148,4.66,237
149,5.3,230
150,5.3,230
151,5.42,504
152,5.42,504
153,5.42,504
154,5.42,504
155,5.42,504
156,5.42,504
157,5.2,519
158,5.2,519
159,5.2,519
160,5.2,519
161,5.2,519
162,5.2,519
163,4.85,511
164,4.85,511
165,4.85,511
166,4.85,511
167,4.85,511
168,4.85,511
169,4.46,468
170,4.46,468
171,4.46,468
172,4.46,468
173,4.46,468
174,4.46,468
175,4.19,398
176,4.19,398
177,4.19,398
178,4.19,398
179,4.19,398
180,4.19,398
181,4.19,398
182,4.24,303
183,4.24,303
184,4.24,303
185,4.24,303
186,4.24,303
187,4.24,303
188,4.66,237
189,4.66,237
190,4.66,237
191,4.66,237
192,4.66,237
193,4.66,237
194,5.3,230
195,5.3,230
196,5.3,230
197,5.42,504
198,5.42,504
199,5.42,504
200,5.42,504
201,5.42,504
202,5.42,504
203,5.42,504
204,5.2,519
205,5.2,519
206,5.2,519
207,5.2,519
208,5.2,519
209,5.2,519
210,4.85,511
211,4.85,511
212,4.85,511
213,4.85,511
214,4.85,511
215,4.85,511
216,4.46,468
217,4.46,468
218,4.46,468
219,4.46,468
220,4.46,468
221,4.46,468
222,4.19,398
223,4.19,398
224,4.19,398
225,4.19,398
226,4.19,398
227,4.19,398
228,4.19,398
229,4.24,303
230,4.24,303
231,4.24,303
232,4.24,303
233,4.24,303
234,4.24,303
235,4.66,237
236,4.66,237
237,4.66,237
238,4.66,237
239,4.66,237
240,4.66,237
241,5.3,230
242,5.3,230
243,5.3,230
244,6.01,500
245,6.01,500
246,6.01,500
247,5.42,504
248,5.42,504
249,5.42,504
250,5.42,504
251,5.42,504
252,5.42,504
253,5.42,504
254,5.2,519
255,5.2,519
256,5.2,519
257,5.2,519
258,5.2,519
259,5.2,519
260,4.85,511
261,4.85,511
262,4.85,511
263,4.85,511
264,4.85,511
265,4.85,511
266,4.46,468
267,4.46,468
268,4.46,468
269,4.46,468
270,4.46,468
271,4.46,468
272,4.19,398
273,4.19,398
274,4.19,398
275,4.19,398
276,4.19,398
277,4.19,398
278,4.19,398
279,4.24,303
280,4.24,303
281,4.24,303
282,4.24,303
283,4.24,303
284,4.24,303
285,4.66,237
286,4.66,237
287,4.66,237
288,4.66,237
289,4.66,237
290,4.66,237
291,5.3,230
292,5.3,230
293,5.3,230
294,5.3,230
295,6.28,559
296,6.28,559
297,6.01,500
298,6.01,500
299,6.01,500
300,6.01,500
301,6.01,500
302,6.01,500
303,5.42,504
304,5.42,504
305,5.42,504
306,5.42,504
307,5.42,504
308,5.42,504
309,5.42,504
310,5.2,519
311,5.2,519
312,5.2,519
313,5.2,519
314,5.2,519
315,5.2,519
316,4.85,511
317,4.85,511
318,4.85,511
319,4.85,511
320,4.85,511
321,4.85,511
322,4.46,468
323,4.46,468
324,4.46,468
325,4.46,468
326,4.46,468
327,4.46,468
328,4.19,398
329,4.19,398
330,4.19,398
331,4.19,398
332,4.19,398
333,4.19,398
334,4.19,398
335,4.24,303
336,4.24,303
337,4.24,303
338,4.24,303
339,4.24,303
340,4.24,303
341,4.66,237
342,4.66,237
343,4.66,237
344,4.66,237
345,4.66,237
346,4.66,237
347,5.3,230
348,5.3,230
349,5.3,230
350,5.3,230
351,5.78,471
352,5.78,471
353,5.6,453
354,5.6,453
355,5.6,453
356,5.6,453
357,5.6,453
358,5.6,453
359,5.3,468
360,5.3,468
361,5.3,468
362,5.3,468
363,5.3,468
364,5.3,468
365,5.3,468
366,4.81,493
367,4.81,493
368,4.81,493
369,4.81,493
370,4.81,493
371,4.81,493
372,4.6,493
373,4.6,493
374,4.6,493
375,4.6,493
376,4.6,493
377,4.6,493
378,4.3,468
379,4.3,468
380,4.3,468
381,4.3,468
382,4.3,468
383,4.3,468
384,4.02,405
385,4.02,405
386,4.02,405
387,4.02,405
388,4.02,405
389,4.02,405
390,4.02,405
391,4.14,329
392,4.14,329
393,4.14,329
394,4.14,329
395,4.14,329
396,4.14,329
397,4.61,267
398,4.61,267
399,4.61,267
400,4.61,267
401,4.61,267
402,4.61,267
403,4.89,252
404,4.89,252
405,4.89,252
406,4.89,252
407,4.89,252
408,5.78,471
409,5.78,471
410,5.78,471
411,5.6,453
412,5.6,453
413,5.6,453
414,5.6,453
415,5.6,453
416,5.6,453
417,5.3,468
418,5.3,468
419,5.3,468
420,5.3,468
421,5.3,468
422,5.3,468
423,5.3,468
424,4.81,493
425,4.81,493
426,4.81,493
427,4.81,493
428,4.81,493
429,4.81,493
430,4.6,493
431,4.6,493
432,4.6,493
433,4.6,493
434,4.6,493
435,4.6,493
436,4.3,468
437,4.3,468
438,4.3,468
439,4.3,468
440,4.3,468
441,4.3,468
442,4.02,405
443,4.02,405
444,4.02,405
445,4.02,405
446,4.02,405
447,4.02,405
448,4.02,405
449,4.14,329
450,4.14,329
451,4.14,329
452,4.14,329
453,4.14,329
454,4.14,329
455,4.61,267
456,4.61,267
457,4.61,267
458,4.61,267
459,4.61,267
460,4.61,267
461,4.89,252
462,4.89,252
463,4.89,252
464,4.89,252
465,4.89,252
466,4.89,252
467,5.15,289
468,5.78,471
469,5.78,471
470,5.78,471
471,5.6,453
472,5.6,453
473,5.6,453
474,5.6,453
475,5.6,453
476,5.6,453
477,5.3,468
478,5.3,468
479,5.3,468
480,5.3,468
481,5.3,468
482,5.3,468
483,5.3,468
484,4.81,493
485,4.81,493
486,4.81,493
487,4.81,493
488,4.81,493
489,4.81,493
490,4.6,493
491,4.6,493
492,4.6,493
493,4.6,493
494,4.6,493
495,4.6,493
496,4.3,468
497,4.3,468
498,4.3,468
499,4.3,468
500,4.3,468
501,4.3,468
502,4.02,405
503,4.02,405
504,4.02,405
505,4.02,405
506,4.02,405
507,4.02,405
508,4.02,405
509,4.14,329
510,4.14,329
511,4.14,329
512,4.14,329
513,4.14,329
514,4.14,329
515,4.61,267
516,4.61,267
517,4.61,267
518,4.61,267
519,4.61,267
520,4.61,267
521,4.89,252
522,4.89,252
523,4.89,252
524,4.89,252
525,4.89,252
526,4.89,252
527,5.15,289
528,5.15,289
529,5.15,289
530,5.78,471
531,5.78,471
532,5.78,471
533,5.6,453
534,5.6,453
535,5.6,453
536,5.6,453
537,5.6,453
538,5.6,453
539,5.3,468
540,5.3,468
541,5.3,468
542,5.3,468
543,5.3,468
544,5.3,468
545,5.3,468
546,4.81,493
547,4.81,493
548,4.81,493
549,4.81,493
550,4.81,493
551,4.81,493
552,4.6,493
553,4.6,493
554,4.6,493
555,4.6,493
556,4.6,493
557,4.6,493
558,4.3,468
559,4.3,468
560,4.3,468
561,4.3,468
562,4.3,468
563,4.3,468
564,4.02,405
565,4.02,405
566,4.02,405
567,4.02,405
568,4.02,405
569,4.02,405
570,4.02,405
571,4.14,329
572,4.14,329
573,4.14,329
574,4.14,329
575,4.14,329
576,4.14,329
577,4.61,267
578,4.61,267
579,4.61,267
580,4.61,267
581,4.61,267
582,4.61,267
583,4.89,252
584,4.89,252
585,4.89,252
586,4.89,252
587,4.89,252
588,4.89,252
589,5.15,289
590,5.15,289
591,5.15,289
592,5.15,289
593,5.15,289
594,5.15,289
595,5.15,289
596,5.61,340
597,5.78,471
598,5.78,471
599,5.6,453
600,5.6,453
601,5.6,453
602,5.6,453
603,5.6,453
604,5.6,453
605,5.3,468
606,5.3,468
607,5.3,468
608,5.3,468
609,5.3,468
610,5.3,468
611,5.3,468
612,4.81,493
613,4.81,493
614,4.81,493
615,4.81,493
616,4.81,493
617,4.81,493
618,4.6,493
619,4.6,493
620,4.6,493
621,4.6,493
622,4.6,493
623,4.6,493
624,4.3,468
625,4.3,468
626,4.3,468
627,4.3,468
628,4.3,468
629,4.3,468
630,4.02,405
631,4.02,405
632,4.02,405
633,4.02,405
634,4.02,405
635,4.02,405
636,4.02,405
637,4.14,329
638,4.14,329
639,4.14,329
640,4.14,329
641,4.14,329
642,4.14,329
643,4.61,267
644,4.61,267
645,4.61,267
646,4.61,267
647,4.61,267
648,4.61,267
649,4.89,252
650,4.89,252
651,4.89,252
652,4.89,252
653,4.89,252
654,4.89,252
655,5.15,289
656,5.15,289
657,5.15,289
658,5.15,289
659,5.15,289
660,5.15,289
661,5.15,289
662,5.61,340
663,5.59,489
664,5.55,464
665,5.55,464
666,5.55,464
667,5.55,464
668,5.55,464
669,5.55,464
670,5.48,457
671,5.48,457
672,5.48,457
673,5.48,457
674,5.48,457
675,5.48,457
676,5.48,457
677,5.2,475
678,5.2,475
679,5.2,475
680,5.2,475
681,5.2,475
682,5.2,475
683,4.86,482
684,4.86,482
685,4.86,482
686,4.86,482
687,4.86,482
688,4.86,482
689,4.53,464
690,4.53,464
691,4.53,464
692,4.53,464
693,4.53,464
694,4.53,464
695,4.26,424
696,4.26,424
697,4.26,424
698,4.26,424
699,4.26,424
700,4.26,424
701,4.26,424
702,4.28,369
703,4.28,369
704,4.28,369
705,4.28,369
706,4.28,369
707,4.28,369
708,5.05,314
709,5.05,314
710,5.05,314
711,5.05,314
712,5.05,314
713,5.05,314
714,5.07,285
715,5.07,285
716,5.07,285
717,5.07,285
718,5.07,285
719,5.07,285
720,4.84,289
721,4.84,289
722,4.84,289
723,4.84,289
724,4.84,289
725,4.84,289
726,4.84,289
727,5.2,340
728,5.55,464
729,5.55,464
730,5.55,464
731,5.55,464
732,5.55,464
733,5.55,464
734,5.48,457
735,5.48,457
736,5.48,457
737,5.48,457
738,5.48,457
739,5.48,457
740,5.48,457
741,5.2,475
742,5.2,475
743,5.2,475
744,5.2,475
745,5.2,475
746,5.2,475
747,4.86,482
748,4.86,482
749,4.86,482
750,4.86,482
751,4.86,482
752,4.86,482
753,4.53,464
754,4.53,464
755,4.53,464
756,4.53,464
757,4.53,464
758,4.53,464
759,4.26,424
760,4.26,424
761,4.26,424
762,4.26,424
763,4.26,424
764,4.26,424
765,4.26,424
766,4.28,369
767,4.28,369
768,4.28,369
769,4.28,369
770,4.28,369
771,4.28,369
772,5.05,314
773,5.05,314
774,5.05,314
775,5.05,314
776,5.05,314
777,5.05,314
778,5.07,285
779,5.07,285
780,5.07,285
781,5.07,285
782,5.07,285
783,5.07,285
784,4.84,289
785,4.84,289
786,4.84,289
787,4.84,289
788,4.84,289
789,4.84,289
790,4.84,289
791,5.2,340
792,5.2,340
793,5.55,464
794,5.55,464
795,5.55,464
796,5.55,464
797,5.48,457
798,5.48,457
799,5.48,457
800,5.48,457
801,5.48,457
802,5.48,457
803,5.48,457
804,5.2,475
805,5.2,475
806,5.2,475
807,5.2,475
808,5.2,475
809,5.2,475
810,4.86,482
811,4.86,482
812,4.86,482
813,4.86,482
814,4.86,482
815,4.86,482
816,4.53,464
817,4.53,464
818,4.53,464
819,4.53,464
820,4.53,464
821,4.53,464
822,4.26,424
823,4.26,424
824,4.26,424
825,4.26,424
826,4.26,424
827,4.26,424
828,4.26,424
829,4.28,369
830,4.28,369
831,4.28,369
832,4.28,369
833,4.28,369
834,4.28,369
835,5.05,314
836,5.05,314
837,5.05,314
838,5.05,314
839,5.05,314
840,5.05,314
841,5.07,285
842,5.07,285
843,5.07,285
844,5.07,285
845,5.07,285
846,5.07,285
847,4.84,289
848,4.84,289
849,4.84,289
850,4.84,289
851,4.84,289
852,4.84,289
853,4.84,289
854,5.2,340
855,5.2,340
856,5.2,340
857,5.55,464
858,5.55,464
859,5.55,464
860,5.55,464
861,5.48,457
862,5.48,457
863,5.48,457
864,5.48,457
865,5.48,457
866,5.48,457
867,5.48,457
868,5.2,475
869,5.2,475
870,5.2,475
871,5.2,475
872,5.2,475
873,5.2,475
874,4.86,482
875,4.86,482
876,4.86,482
877,4.86,482
878,4.86,482
879,4.86,482
880,4.53,464
881,4.53,464
882,4.53,464
883,4.53,464
884,4.53,464
885,4.53,464
886,4.26,424
887,4.26,424
888,4.26,424
889,4.26,424
890,4.26,424
891,4.26,424
892,4.26,424
893,4.28,369
894,4.28,369
895,4.28,369
896,4.28,369
897,4.28,369
898,4.28,369
899,5.05,314
900,5.05,314
901,5.05,314
902,5.05,314
903,5.05,314
904,5.05,314
905,5.07,285
906,5.07,285
907,5.07,285
908,5.07,285
909,5.07,285
910,5.07,285
911,4.84,289
912,4.84,289
913,4.84,289
914,4.84,289
915,4.84,289
916,4.84,289
917,4.84,289
918,5.2,340
919,5.2,340
920,5.2,340
921,5.55,464
922,5.55,464
923,5.55,464
924,5.55,464
925,5.55,464
926,5.48,457
927,5.48,457
928,5.48,457
929,5.48,457
930,5.48,457
931,5.48,457
932,5.48,457
933,5.2,475
934,5.2,475
935,5.2,475
936,5.2,475
937,5.2,475
938,5.2,475
939,4.86,482
940,4.86,482
941,4.86,482
942,4.86,482
943,4.86,482
944,4.86,482
945,4.53,464
946,4.53,464
947,4.53,464
948,4.53,464
949,4.53,464
950,4.53,464
951,4.26,424
952,4.26,424
953,4.26,424
954,4.26,424
955,4.26,424
956,4.26,424
957,4.26,424
958,4.28,369
959,4.28,369
960,4.28,369
961,4.28,369
962,4.28,369
963,4.28,369
964,5.05,314
965,5.05,314
966,5.05,314
967,5.05,314
968,5.05,314
969,5.05,314
970,5.07,285
971,5.07,285
972,5.07,285
973,5.07,285
974,5.07,285
975,5.07,285
976,4.84,289
977,4.84,289
978,4.84,289
979,4.84,289
980,4.84,289
981,4.84,289
982,4.84,289
983,5.2,340
984,5.2,340
985,5.2,340
986,5.2,340
987,5.34,493
988,5.34,493
989,5.34,493
990,5.34,493
991,5.34,493
992,5.34,493
993,5.25,453
994,5.25,453
995,5.25,453
996,5.25,453
997,5.25,453
998,5.25,453
999,5.25,453
1000,5.11,453
1001,5.11,453
1002,5.11,453
1003,5.11,453
1004,5.11,453
1005,5.11,453
1006,5.02,453
1007,5.02,453
1008,5.02,453
1009,5.02,453
1010,5.02,453
1011,5.02,453
1012,4.97,442
1013,4.97,442
1014,4.97,442
1015,4.97,442
1016,4.97,442
1017,4.97,442
1018,4.87,420
1019,4.87,420
1020,4.87,420
1021,4.87,420
1022,4.87,420
1023,4.87,420
1024,4.87,420
1025,5.11,391
1026,5.11,391
1027,5.11,391
1028,5.11,391
1029,5.11,391
1030,5.11,391
1031,5.47,351
1032,5.47,351
1033,5.47,351
1034,5.47,351
1035,5.47,351
1036,5.47,351
1037,5.41,314
1038,5.41,314
1039,5.41,314
1040,5.41,314
1041,5.41,314
1042,5.41,314
1043,5.22,314
1044,5.22,314
1045,5.22,314
1046,5.22,314
1047,5.22,314
1048,5.22,314
1049,5.22,314
1050,5.13,329
1051,5.13,329
1052,5.13,329
1053,5.13,329
1054,5.64,537
1055,5.34,493
1056,5.34,493
1057,5.34,493
1058,5.34,493
1059,5.34,493
1060,5.34,493
1061,5.25,453
1062,5.25,453
1063,5.25,453
1064,5.25,453
1065,5.25,453
1066,5.25,453
1067,5.25,453
1068,5.11,453
1069,5.11,453
1070,5.11,453
1071,5.11,453
1072,5.11,453
1073,5.11,453
1074,5.02,453
1075,5.02,453
1076,5.02,453
1077,5.02,453
1078,5.02,453
1079,5.02,453
1080,4.97,442
1081,4.97,442
1082,4.97,442
1083,4.97,442
1084,4.97,442
1085,4.97,442
1086,4.87,420
1087,4.87,420
1088,4.87,420
1089,4.87,420
1090,4.87,420
1091,4.87,420
1092,4.87,420
1093,5.11,391
1094,5.11,391
1095,5.11,391
1096,5.11,391
1097,5.11,391
1098,5.11,391
1099,5.47,351
1100,5.47,351
1101,5.47,351
1102,5.47,351
1103,5.47,351
1104,5.47,351
1105,5.41,314
1106,5.41,314
1107,5.41,314
1108,5.41,314
1109,5.41,314
1110,5.41,314
1111,5.22,314
1112,5.22,314
1113,5.22,314
1114,5.22,314
1115,5.22,314
1116,5.22,314
1117,5.22,314
1118,5.13,329
1119,5.13,329
1120,5.13,329
1121,5.13,329
1122,5.13,329
1123,5.64,537
1124,5.34,493
1125,5.34,493
1126,5.34,493
1127,5.34,493
1128,5.34,493
1129,5.34,493
1130,5.25,453
1131,5.25,453
1132,5.25,453
1133,5.25,453
1134,5.25,453
1135,5.25,453
1136,5.25,453
1137,5.11,453
1138,5.11,453
1139,5.11,453
1140,5.11,453
1141,5.11,453
1142,5.11,453
1143,5.02,453
1144,5.02,453
1145,5.02,453
1146,5.02,453
1147,5.02,453
1148,5.02,453
1149,4.97,442
1150,4.97,442
1151,4.97,442
1152,4.97,442
1153,4.97,442
1154,4.97,442
1155,4.87,420
1156,4.87,420
1157,4.87,420
1158,4.87,420
1159,4.87,420
1160,4.87,420
1161,4.87,420
1162,5.11,391
1163,5.11,391
1164,5.11,391
1165,5.11,391
1166,5.11,391
1167,5.11,391
1168,5.47,351
1169,5.47,351
1170,5.47,351
1171,5.47,351
1172,5.47,351
1173,5.47,351
1174,5.41,314
1175,5.41,314
1176,5.41,314
1177,5.41,314
1178,5.41,314
1179,5.41,314
1180,5.22,314
1181,5.22,314
1182,5.22,314
1183,5.22,314
1184,5.22,314
1185,5.22,314
1186,5.22,314
1187,5.13,329
1188,5.13,329
1189,5.13,329
1190,5.13,329
1191,5.13,329
1192,5.13,329
1193,5.3,438
1194,5.3,438
1195,5.64,537
1196,5.34,493
1197,5.34,493
1198,5.34,493
1199,5.34,493
1200,5.34,493
1201,5.34,493
1202,5.25,453
1203,5.25,453
1204,5.25,453
1205,5.25,453
1206,5.25,453
1207,5.25,453
1208,5.25,453
1209,5.11,453
1210,5.11,453
1211,5.11,453
1212,5.11,453
1213,5.11,453
1214,5.11,453
1215,5.02,453
1216,5.02,453
1217,5.02,453
1218,5.02,453
1219,5.02,453
1220,5.02,453
1221,4.97,442
1222,4.97,442
1223,4.97,442
1224,4.97,442
1225,4.97,442
1226,4.97,442
1227,4.87,420
1228,4.87,420
1229,4.87,420
1230,4.87,420
1231,4.87,420
1232,4.87,420
1233,4.87,420
1234,5.11,391
1235,5.11,391
1236,5.11,391
1237,5.11,391
1238,5.11,391
1239,5.11,391
1240,5.47,351
1241,5.47,351
1242,5.47,351
1243,5.47,351
1244,5.47,351
1245,5.47,351
1246,5.41,314
1247,5.41,314
1248,5.41,314
1249,5.41,314
1250,5.41,314
1251,5.41,314
1252,5.22,314
1253,5.22,314
1254,5.22,314
1255,5.22,314
1256,5.22,314
1257,5.22,314
1258,5.22,314
1259,5.13,329
1260,5.13,329
1261,5.13,329
1262,5.13,329
1263,5.13,329
1264,5.13,329
1265,5.3,438
1266,5.3,438
1267,5.3,438
1268,5.3,438
1269,5.34,493
1270,5.34,493
1271,5.34,493
1272,5.34,493
1273,5.34,493
1274,5.34,493
1275,5.25,453
1276,5.25,453
1277,5.25,453
1278,5.25,453
1279,5.25,453
1280,5.25,453
1281,5.25,453
1282,5.11,453
1283,5.11,453
1284,5.11,453
1285,5.11,453
1286,5.11,453
1287,5.11,453
1288,5.02,453
1289,5.02,453
1290,5.02,453
1291,5.02,453
1292,5.02,453
1293,5.02,453
1294,4.97,442
1295,4.97,442
1296,4.97,442
1297,4.97,442
1298,4.97,442
1299,4.97,442
1300,4.87,420
1301,4.87,420
1302,4.87,420
1303,4.87,420
1304,4.87,420
1305,4.87,420
1306,4.87,420
1307,5.11,391
1308,5.11,391
1309,5.11,391
1310,5.11,391
1311,5.11,391
1312,5.11,391
1313,5.47,351
1314,5.47,351
1315,5.47,351
1316,5.47,351
1317,5.47,351
1318,5.47,351
1319,5.41,314
1320,5.41,314
1321,5.41,314
1322,5.41,314
1323,5.41,314
1324,5.41,314
1325,5.22,314
1326,5.22,314
1327,5.22,314
1328,5.22,314
1329,5.22,314
1330,5.22,314
1331,5.22,314
1332,5.13,329
1333,5.13,329
1334,5.13,329
1335,5.13,329
1336,5.13,329
1337,5.13,329
1338,5.3,438
1339,5.3,438
1340,5.3,438
1341,5.3,438
1342,5.3,438
1343,5.4,544
1344,5.4,544
1345,5.4,544
1346,5.4,544
1347,5.4,544
1348,5.15,471
1349,5.15,471
1350,5.15,471
1351,5.15,471
1352,5.15,471
1353,5.15,471
1354,5.15,471
1355,4.96,442
1356,4.96,442
1357,4.96,442
1358,4.96,442
1359,4.96,442
1360,4.96,442
1361,5.09,420
1362,5.09,420
1363,5.09,420
1364,5.09,420
1365,5.09,420
1366,5.09,420
1367,5.21,402
1368,5.21,402
1369,5.21,402
1370,5.21,402
1371,5.21,402
1372,5.21,402
1373,5.28,394
1374,5.28,394
1375,5.28,394
1376,5.28,394
1377,5.28,394
1378,5.28,394
1379,5.28,394
1380,5.55,384
1381,5.55,384
1382,5.55,384
1383,5.55,384
1384,5.55,384
1385,5.55,384
1386,5.84,362
1387,5.84,362
1388,5.84,362
1389,5.84,362
1390,5.84,362
1391,5.84,362
1392,5.74,351
1393,5.74,351
1394,5.74,351
1395,5.74,351
1396,5.74,351
1397,5.74,351
1398,5.56,347
1399,5.56,347
1400,5.56,347
1401,5.56,347
1402,5.56,347
1403,5.56,347
1404,5.56,347
1405,5.1,358
1406,5.1,358
1407,5.1,358
1408,5.1,358
1409,5.1,358
1410,5.1,358
1411,5.17,457
1412,5.17,457
1413,5.17,457
1414,5.17,457
1415,5.4,544
1416,5.4,544
1417,5.4,544
1418,5.4,544
1419,5.15,471
1420,5.15,471
1421,5.15,471
1422,5.15,471
1423,5.15,471
1424,5.15,471
1425,5.15,471
1426,4.96,442
1427,4.96,442
1428,4.96,442
1429,4.96,442
1430,4.96,442
1431,4.96,442
1432,5.09,420
1433,5.09,420
1434,5.09,420
1435,5.09,420
1436,5.09,420
1437,5.09,420
1438,5.21,402
1439,5.21,402
1440,5.21,402
1441,5.21,402
1442,5.21,402
1443,5.21,402
1444,5.28,394
1445,5.28,394
1446,5.28,394
1447,5.28,394
1448,5.28,394
1449,5.28,394
1450,5.28,394
1451,5.55,384
1452,5.55,384
1453,5.55,384
1454,5.55,384
1455,5.55,384
1456,5.55,384
1457,5.84,362
1458,5.84,362
1459,5.84,362
1460,5.84,362
1461,5.84,362
1462,5.84,362
1463,5.74,351
1464,5.74,351
1465,5.74,351
1466,5.74,351
1467,5.74,351
1468,5.74,351
1469,5.56,347
1470,5.56,347
1471,5.56,347
1472,5.56,347
1473,5.56,347
1474,5.56,347
1475,5.56,347
1476,5.1,358
1477,5.1,358
1478,5.1,358
1479,5.1,358
1480,5.1,358
1481,5.1,358
1482,5.17,457
1483,5.17,457
1484,5.68,468
1485,5.68,468
1486,5.68,468
1487,5.4,544
1488,5.4,544
1489,5.4,544
1490,5.4,544
1491,5.15,471
1492,5.15,471
1493,5.15,471
1494,5.15,471
1495,5.15,471
1496,5.15,471
1497,5.15,471
1498,4.96,442
1499,4.96,442
1500,4.96,442
1501,4.96,442
1502,4.96,442
1503,4.96,442
1504,5.09,420
1505,5.09,420
1506,5.09,420
1507,5.09,420
1508,5.09,420
1509,5.09,420
1510,5.21,402
1511,5.21,402
1512,5.21,402
1513,5.21,402
1514,5.21,402
1515,5.21,402
1516,5.28,394
1517,5.28,394
1518,5.28,394
1519,5.28,394
1520,5.28,394
1521,5.28,394
1522,5.28,394
1523,5.55,384
1524,5.55,384
1525,5.55,384
1526,5.55,384
1527,5.55,384
1528,5.55,384
1529,5.84,362
1530,5.84,362
1531,5.84,362
1532,5.84,362
1533,5.84,362
1534,5.84,362
1535,5.74,351
1536,5.74,351
1537,5.74,351
1538,5.74,351
1539,5.74,351
1540,5.74,351
1541,5.56,347
1542,5.56,347
1543,5.56,347
1544,5.56,347
1545,5.56,347
1546,5.56,347
1547,5.56,347
1548,5.1,358
1549,5.1,358
1550,5.1,358
1551,5.1,358
1552,5.1,358
1553,5.1,358
1554,5.17,457
1555,5.68,468
1556,5.68,468
1557,5.68,468
1558,5.4,544
1559,5.4,544
1560,5.4,544
1561,5.4,544
1562,5.4,544
1563,5.15,471
1564,5.15,471
1565,5.15,471
1566,5.15,471
1567,5.15,471
1568,5.15,471
1569,5.15,471
1570,4.96,442
1571,4.96,442
1572,4.96,442
1573,4.96,442
1574,4.96,442
1575,4.96,442
1576,5.09,420
1577,5.09,420
1578,5.09,420
1579,5.09,420
1580,5.09,420
1581,5.09,420
1582,5.21,402
1583,5.21,402
1584,5.21,402
1585,5.21,402
1586,5.21,402
1587,5.21,402
1588,5.28,394
1589,5.28,394
1590,5.28,394
1591,5.28,394
1592,5.28,394
1593,5.28,394
1594,5.28,394
1595,5.55,384
1596,5.55,384
1597,5.55,384
1598,5.55,384
1599,5.55,384
1600,5.55,384
1601,5.84,362
1602,5.84,362
1603,5.84,362
1604,5.84,362
1605,5.84,362
1606,5.84,362
1607,5.74,351
1608,5.74,351
1609,5.74,351
1610,5.74,351
1611,5.74,351
1612,5.74,351
1613,5.56,347
1614,5.56,347
1615,5.56,347
1616,5.56,347
1617,5.56,347
1618,5.56,347
1619,5.56,347
1620,5.1,358
1621,5.1,358
1622,5.1,358
1623,5.1,358
1624,5.1,358
1625,5.1,358
1626,5.17,457
1627,5.88,552
1628,5.4,544
1629,5.4,544
1630,5.4,544
1631,5.4,544
1632,5.4,544
1633,5.4,544
1634,5.15,471
1635,5.15,471
1636,5.15,471
1637,5.15,471
1638,5.15,471
1639,5.15,471
1640,5.15,471
1641,4.96,442
1642,4.96,442
1643,4.96,442
1644,4.96,442
1645,4.96,442
1646,4.96,442
1647,5.09,420
1648,5.09,420
1649,5.09,420
1650,5.09,420
1651,5.09,420
1652,5.09,420
1653,5.21,402
1654,5.21,402
1655,5.21,402
1656,5.21,402
1657,5.21,402
1658,5.21,402
1659,5.28,394
1660,5.28,394
1661,5.28,394
1662,5.28,394
1663,5.28,394
1664,5.28,394
1665,5.28,394
1666,5.55,384
1667,5.55,384
1668,5.55,384
1669,5.55,384
1670,5.55,384
1671,5.55,384
1672,5.84,362
1673,5.84,362
1674,5.84,362
1675,5.84,362
1676,5.84,362
1677,5.84,362
1678,5.74,351
1679,5.74,351
1680,5.74,351
1681,5.74,351
1682,5.74,351
1683,5.74,351
1684,5.56,347
1685,5.56,347
1686,5.56,347
1687,5.56,347
1688,5.56,347
1689,5.56,347
1690,5.56,347
1691,5.1,358
1692,5.1,358
1693,5.1,358
1694,5.1,358
1695,5.1,358
1696,5.1,358
1697,5.62,720
1698,5.34,639
1699,5.34,639
1700,5.34,639
1701,5.34,639
1702,5.34,639
1703,5.34,639
1704,5.15,522
1705,5.15,522
1706,5.15,522
1707,5.15,522
1708,5.15,522
1709,5.15,522
1710,5.15,522
1711,5.03,449
1712,5.03,449
1713,5.03,449
1714,5.03,449
1715,5.03,449
1716,5.03,449
1717,5.26,394
1718,5.26,394
1719,5.26,394
1720,5.26,394
1721,5.26,394
1722,5.26,394
1723,5.39,358
1724,5.39,358
1725,5.39,358
1726,5.39,358
1727,5.39,358
1728,5.39,358
1729,5.43,362
1730,5.43,362
1731,5.43,362
1732,5.43,362
1733,5.43,362
1734,5.43,362
1735,5.43,362
1736,5.49,384
1737,5.49,384
1738,5.49,384
1739,5.49,384
1740,5.49,384
1741,5.49,384
1742,5.78,387
1743,5.78,387
1744,5.78,387
1745,5.78,387
1746,5.78,387
1747,5.78,387
1748,5.74,384
1749,5.74,384
1750,5.74,384
1751,5.74,384
1752,5.74,384
1753,5.74,384
1754,5.47,380
1755,5.47,380
1756,5.47,380
1757,5.47,380
1758,5.47,380
1759,5.47,380
1760,5.47,380
1761,4.97,394
1762,4.97,394
1763,4.97,394
1764,4.97,394
1765,4.97,394
1766,4.97,394
1767,5.68,533
1768,5.68,533
1769,5.62,720
1770,5.34,639
1771,5.34,639
1772,5.34,639
1773,5.34,639
1774,5.34,639
1775,5.34,639
1776,5.15,522
1777,5.15,522
1778,5.15,522
1779,5.15,522
1780,5.15,522
1781,5.15,522
1782,5.15,522
1783,5.03,449
1784,5.03,449
1785,5.03,449
1786,5.03,449
1787,5.03,449
1788,5.03,449
1789,5.26,394
1790,5.26,394
1791,5.26,394
1792,5.26,394
1793,5.26,394
1794,5.26,394
1795,5.39,358
1796,5.39,358
1797,5.39,358
1798,5.39,358
1799,5.39,358
1800,5.39,358
1801,5.43,362
1802,5.43,362
1803,5.43,362
1804,5.43,362
1805,5.43,362
1806,5.43,362
1807,5.43,362
1808,5.49,384
1809,5.49,384
1810,5.49,384
1811,5.49,384
1812,5.49,384
1813,5.49,384
1814,5.78,387
1815,5.78,387
1816,5.78,387
1817,5.78,387
1818,5.78,387
1819,5.78,387
1820,5.74,384
1821,5.74,384
1822,5.74,384
1823,5.74,384
1824,5.74,384
1825,5.74,384
1826,5.47,380
1827,5.47,380
1828,5.47,380
1829,5.47,380
1830,5.47,380
1831,5.47,380
1832,5.47,380
1833,4.97,394
1834,4.97,394
1835,4.97,394
1836,4.97,394
1837,4.97,394
1838,4.97,394
1839,5.44,511
1840,5.68,533
1841,5.68,533
1842,5.68,533
1843,5.68,533
1844,5.68,533
1845,5.62,720
1846,5.62,720
1847,5.34,639
1848,5.34,639
1849,5.34,639
1850,5.34,639
1851,5.34,639
1852,5.34,639
1853,5.15,522
1854,5.15,522
1855,5.15,522
1856,5.15,522
1857,5.15,522
1858,5.15,522
1859,5.15,522
1860,5.03,449
1861,5.03,449
1862,5.03,449
1863,5.03,449
1864,5.03,449
1865,5.03,449
1866,5.26,394
1867,5.26,394
1868,5.26,394
1869,5.26,394
1870,5.26,394
1871,5.26,394
1872,5.39,358
1873,5.39,358
1874,5.39,358
1875,5.39,358
1876,5.39,358
1877,5.39,358
1878,5.43,362
1879,5.43,362
1880,5.43,362
1881,5.43,362
1882,5.43,362
1883,5.43,362
1884,5.43,362
1885,5.49,384
1886,5.49,384
1887,5.49,384
1888,5.49,384
1889,5.49,384
1890,5.49,384
1891,5.78,387
1892,5.78,387
1893,5.78,387
1894,5.78,387
1895,5.78,387
1896,5.78,387
1897,5.74,384
1898,5.74,384
1899,5.74,384
1900,5.74,384
1901,5.74,384
1902,5.74,384
1903,5.47,380
1904,5.47,380
1905,5.47,380
1906,5.47,380
1907,5.47,380
1908,5.47,380
1909,5.47,380
1910,4.97,394
1911,4.97,394
1912,4.97,394
1913,4.97,394
1914,4.97,394
1915,4.97,394
1916,5.44,511
1917,5.44,511
1918,5.44,511
1919,5.68,533
1920,5.68,533
1921,5.68,533
1922,5.68,533
1923,5.68,533
1924,5.68,533
1925,5.62,720
1926,5.62,720
1927,5.34,639
1928,5.34,639
1929,5.34,639
1930,5.34,639
1931,5.34,639
1932,5.34,639
1933,5.15,522
1934,5.15,522
1935,5.15,522
1936,5.15,522
1937,5.15,522
1938,5.15,522
1939,5.15,522
1940,5.03,449
1941,5.03,449
1942,5.03,449
1943,5.03,449
1944,5.03,449
1945,5.03,449
1946,5.26,394
1947,5.26,394
1948,5.26,394
1949,5.26,394
1950,5.26,394
1951,5.26,394
1952,5.39,358
1953,5.39,358
1954,5.39,358
1955,5.39,358
1956,5.39,358
1957,5.39,358
1958,5.43,362
1959,5.43,362
1960,5.43,362
1961,5.43,362
1962,5.43,362
1963,5.43,362
1964,5.43,362
1965,5.49,384
1966,5.49,384
1967,5.49,384
1968,5.49,384
1969,5.49,384
1970,5.49,384
1971,5.78,387
1972,5.78,387
1973,5.78,387
1974,5.78,387
1975,5.78,387
1976,5.78,387
1977,5.74,384
1978,5.74,384
1979,5.74,384
1980,5.74,384
1981,5.74,384
1982,5.74,384
1983,5.47,380
1984,5.47,380
1985,5.47,380
1986,5.47,380
1987,5.47,380
1988,5.47,380
1989,5.47,380
1990,4.97,394
1991,4.97,394
1992,4.97,394
1993,4.97,394
1994,4.97,394
1995,4.97,394
1996,4.93,493
1997,5.44,511
1998,5.44,511
1999,5.44,511
2000,5.68,533
2001,5.68,533
2002,5.68,533
2003,5.68,533
2004,5.68,533
2005,5.68,533
2006,5.34,639
2007,5.34,639
2008,5.34,639
2009,5.34,639
2010,5.15,522
2011,5.15,522
2012,5.15,522
2013,5.15,522
2014,5.15,522
2015,5.15,522
2016,5.15,522
2017,5.03,449
2018,5.03,449
2019,5.03,449
2020,5.03,449
2021,5.03,449
2022,5.03,449
2023,5.26,394
2024,5.26,394
2025,5.26,394
2026,5.26,394
2027,5.26,394
2028,5.26,394
2029,5.39,358
2030,5.39,358
2031,5.39,358
2032,5.39,358
2033,5.39,358
2034,5.39,358
2035,5.43,362
2036,5.43,362
2037,5.43,362
2038,5.43,362
2039,5.43,362
2040,5.43,362
2041,5.43,362
2042,5.49,384
2043,5.49,384
2044,5.49,384
2045,5.49,384
2046,5.49,384
2047,5.49,384
2048,5.78,387
2049,5.78,387
2050,5.78,387
2051,5.78,387
2052,5.78,387
2053,5.78,387
2054,5.74,384
2055,5.74,384
2056,5.74,384
2057,5.74,384
2058,5.74,384
2059,5.74,384
2060,5.47,380
2061,5.47,380
2062,5.47,380
2063,5.47,380
2064,5.47,380
2065,5.47,380
2066,5.47,380
2067,4.97,394
2068,4.97,394
2069,4.97,394
2070,4.97,394
2071,4.97,394
2072,4.97,394
2073,4.93,493
2074,5.44,511
2075,5.44,511
2076,5.68,533
2077,5.68,533
2078,5.68,533
2079,5.68,533
2080,5.68,533
2081,5.54,796
2082,5.54,796
2083,5.54,796
2084,4.98,592
2085,4.98,592
2086,4.98,592
2087,4.98,592
2088,4.98,592
2089,4.98,592
2090,4.98,592
2091,4.6,435
2092,4.6,435
2093,4.6,435
2094,4.6,435
2095,4.6,435
2096,4.6,435
2097,4.83,384
2098,4.83,384
2099,4.83,384
2100,4.83,384
2101,4.83,384
2102,4.83,384
2103,5.0,373
2104,5.0,373
2105,5.0,373
2106,5.0,373
2107,5.0,373
2108,5.0,373
2109,5.25,369
2110,5.25,369
2111,5.25,369
2112,5.25,369
2113,5.25,369
2114,5.25,369
2115,5.25,369
2116,5.48,387
2117,5.48,387
2118,5.48,387
2119,5.48,387
2120,5.48,387
2121,5.48,387
2122,5.69,398
2123,5.69,398
2124,5.69,398
2125,5.69,398
2126,5.69,398
2127,5.69,398
2128,5.66,398
2129,5.66,398
2130,5.66,398
2131,5.66,398
2132,5.66,398
2133,5.66,398
2134,5.68,394
2135,5.68,394
2136,5.68,394
2137,5.68,394
2138,5.68,394
2139,5.68,394
2140,5.68,394
2141,5.39,409
2142,5.39,409
2143,5.39,409
2144,5.39,409
2145,5.39,409
2146,5.39,409
2147,5.12,493
2148,5.12,493
2149,5.55,588
2150,5.55,588
2151,5.55,588
2152,5.55,588
2153,6.51,603
2154,5.54,796
2155,5.54,796
2156,5.54,796
2157,4.98,592
2158,4.98,592
2159,4.98,592
2160,4.98,592
2161,4.98,592
2162,4.98,592
2163,4.98,592
2164,4.6,435
2165,4.6,435
2166,4.6,435
2167,4.6,435
2168,4.6,435
2169,4.6,435
2170,4.83,384
2171,4.83,384
2172,4.83,384
2173,4.83,384
2174,4.83,384
2175,4.83,384
2176,5.0,373
2177,5.0,373
2178,5.0,373
2179,5.0,373
2180,5.0,373
2181,5.0,373
2182,5.25,369
2183,5.25,369
2184,5.25,369
2185,5.25,369
2186,5.25,369
2187,5.25,369
2188,5.25,369
2189,5.48,387
2190,5.48,387
2191,5.48,387
2192,5.48,387
2193,5.48,387
2194,5.48,387
2195,5.69,398
2196,5.69,398
2197,5.69,398
2198,5.69,398
2199,5.69,398
2200,5.69,398
2201,5.66,398
2202,5.66,398
2203,5.66,398
2204,5.66,398
2205,5.66,398
2206,5.66,398
2207,5.68,394
2208,5.68,394
2209,5.68,394
2210,5.68,394
2211,5.68,394
2212,5.68,394
2213,5.68,394
2214,5.39,409
2215,5.39,409
2216,5.39,409
2217,5.39,409
2218,5.39,409
2219,5.39,409
2220,5.12,493
2221,5.12,493
2222,5.12,493
2223,5.55,588
2224,6.1,577
2225,6.1,577
2226,6.1,577
2227,6.51,603
2228,6.51,603
2229,5.54,796
2230,5.54,796
2231,5.54,796
2232,4.98,592
2233,4.98,592
2234,4.98,592
2235,4.98,592
2236,4.98,592
2237,4.98,592
2238,4.98,592
2239,4.6,435
2240,4.6,435
2241,4.6,435
2242,4.6,435
2243,4.6,435
2244,4.6,435
2245,4.83,384
2246,4.83,384
2247,4.83,384
2248,4.83,384
2249,4.83,384
2250,4.83,384
2251,5.0,373
2252,5.0,373
2253,5.0,373
2254,5.0,373
2255,5.0,373
2256,5.0,373
2257,5.25,369
2258,5.25,369
2259,5.25,369
2260,5.25,369
2261,5.25,369
2262,5.25,369
2263,5.25,369
2264,5.48,387
2265,5.48,387
2266,5.48,387
2267,5.48,387
2268,5.48,387
2269,5.48,387
2270,5.69,398
2271,5.69,398
2272,5.69,398
2273,5.69,398
2274,5.69,398
2275,5.69,398
2276,5.66,398
2277,5.66,398
2278,5.66,398
2279,5.66,398
2280,5.66,398
2281,5.66,398
2282,5.68,394
2283,5.68,394
2284,5.68,394
2285,5.68,394
2286,5.68,394
2287,5.68,394
2288,5.68,394
2289,5.39,409
2290,5.39,409
2291,5.39,409
2292,5.39,409
2293,5.39,409
2294,5.39,409
2295,5.12,493
2296,5.12,493
2297,5.12,493
2298,5.12,493
2299,6.1,577
2300,6.1,577
2301,6.1,577
2302,6.51,603
2303,5.54,796
2304,5.54,796
2305,5.54,796
2306,5.54,796
2307,4.98,592
2308,4.98,592
2309,4.98,592
2310,4.98,592
2311,4.98,592
2312,4.98,592
2313,4.98,592
2314,4.6,435
2315,4.6,435
2316,4.6,435
2317,4.6,435
2318,4.6,435
2319,4.6,435
2320,4.83,384
2321,4.83,384
2322,4.83,384
2323,4.83,384
2324,4.83,384
2325,4.83,384
2326,5.0,373
2327,5.0,373
2328,5.0,373
2329,5.0,373
2330,5.0,373
2331,5.0,373
2332,5.25,369
2333,5.25,369
2334,5.25,369
2335,5.25,369
2336,5.25,369
2337,5.25,369
2338,5.25,369
2339,5.48,387
2340,5.48,387
2341,5.48,387
2342,5.48,387
2343,5.48,387
2344,5.48,387
2345,5.69,398
2346,5.69,398
2347,5.69,398
2348,5.69,398
2349,5.69,398
2350,5.69,398
2351,5.66,398
2352,5.66,398
2353,5.66,398
2354,5.66,398
2355,5.66,398
2356,5.66,398
2357,5.68,394
2358,5.68,394
2359,5.68,394
2360,5.68,394
2361,5.68,394
2362,5.68,394
2363,5.68,394
2364,5.39,409
2365,5.39,409
2366,5.39,409
2367,5.39,409
2368,5.39,409
2369,5.39,409
2370,5.12,493
2371,5.12,493
2372,5.12,493
2373,5.12,493
2374,5.12,493
2375,5.54,796
2376,5.54,796
2377,5.54,796
2378,5.54,796
2379,4.98,592
2380,4.98,592
2381,4.98,592
2382,4.98,592
2383,4.98,592
2384,4.98,592
2385,4.98,592
2386,4.6,435
2387,4.6,435
2388,4.6,435
2389,4.6,435
2390,4.6,435
2391,4.6,435
2392,4.83,384
2393,4.83,384
2394,4.83,384
2395,4.83,384
2396,4.83,384
2397,4.83,384
2398,5.0,373
2399,5.0,373
2400,5.0,373
2401,5.0,373
2402,5.0,373
2403,5.0,373
2404,5.25,369
2405,5.25,369
2406,5.25,369
2407,5.25,369
2408,5.25,369
2409,5.25,369
2410,5.25,369
2411,5.48,387
2412,5.48,387
2413,5.48,387
2414,5.48,387
2415,5.48,387
2416,5.48,387
2417,5.69,398
2418,5.69,398
2419,5.69,398
2420,5.69,398
2421,5.69,398
2422,5.69,398
2423,5.66,398
2424,5.66,398
2425,5.66,398
2426,5.66,398
2427,5.66,398
2428,5.66,398
2429,5.68,394
2430,5.68,394
2431,5.68,394
2432,5.68,394
2433,5.68,394
2434,5.68,394
2435,5.68,394
2436,5.39,409
2437,5.39,409
2438,5.39,409
2439,5.39,409
2440,5.39,409
2441,5.39,409
2442,5.12,493
2443,5.12,493
2444,5.12,493
2445,5.12,493
2446,5.12,493
2447,5.12,493
2448,5.71,990
2449,5.71,990
2450,5.28,628
2451,5.28,628
2452,5.28,628
2453,5.28,628
2454,5.28,628
2455,5.28,628
2456,5.28,628
2457,4.75,409
2458,4.75,409
2459,4.75,409
2460,4.75,409
2461,4.75,409
2462,4.75,409
2463,4.57,398
2464,4.57,398
2465,4.57,398
2466,4.57,398
2467,4.57,398
2468,4.57,398
2469,4.88,431
2470,4.88,431
2471,4.88,431
2472,4.88,431
2473,4.88,431
2474,4.88,431
2475,5.05,446
2476,5.05,446
2477,5.05,446
2478,5.05,446
2479,5.05,446
2480,5.05,446
2481,5.05,446
2482,5.24,405
2483,5.24,405
2484,5.24,405
2485,5.24,405
2486,5.24,405
2487,5.24,405
2488,5.68,398
2489,5.68,398
2490,5.68,398
2491,5.68,398
2492,5.68,398
2493,5.68,398
2494,5.81,391
2495,5.81,391
2496,5.81,391
2497,5.81,391
2498,5.81,391
2499,5.81,391
2500,6.02,380
2501,6.02,380
2502,6.02,380
2503,6.02,380
2504,6.02,380
2505,6.02,380
2506,6.02,380
2507,6.41,394
2508,6.41,394
2509,6.41,394
2510,6.41,394
2511,6.41,394
2512,6.41,394
2513,6.46,435
2514,6.46,435
2515,6.46,435
2516,6.46,435
2517,6.46,435
2518,6.46,435
2519,5.99,475
2520,5.71,990
2521,5.71,990
2522,5.28,628
2523,5.28,628
2524,5.28,628
2525,5.28,628
2526,5.28,628
2527,5.28,628
2528,5.28,628
2529,4.75,409
2530,4.75,409
2531,4.75,409
2532,4.75,409
2533,4.75,409
2534,4.75,409
2535,4.57,398
2536,4.57,398
2537,4.57,398
2538,4.57,398
2539,4.57,398
2540,4.57,398
2541,4.88,431
2542,4.88,431
2543,4.88,431
2544,4.88,431
2545,4.88,431
2546,4.88,431
2547,5.05,446
2548,5.05,446
2549,5.05,446
2550,5.05,446
2551,5.05,446
2552,5.05,446
2553,5.05,446
2554,5.24,405
2555,5.24,405
2556,5.24,405
2557,5.24,405
2558,5.24,405
2559,5.24,405
2560,5.68,398
2561,5.68,398
2562,5.68,398
2563,5.68,398
2564,5.68,398
2565,5.68,398
2566,5.81,391
2567,5.81,391
2568,5.81,391
2569,5.81,391
2570,5.81,391
2571,5.81,391
2572,6.02,380
2573,6.02,380
2574,6.02,380
2575,6.02,380
2576,6.02,380
2577,6.02,380
2578,6.02,380
2579,6.41,394
2580,6.41,394
2581,6.41,394
2582,6.41,394
2583,6.41,394
2584,6.41,394
2585,6.46,435
2586,6.46,435
2587,6.46,435
2588,6.46,435
2589,6.46,435
2590,6.46,435
2591,5.99,475
2592,5.99,475
2593,5.71,990
2594,5.71,990
2595,5.28,628
2596,5.28,628
2597,5.28,628
2598,5.28,628
2599,5.28,628
2600,5.28,628
2601,5.28,628
2602,4.75,409
2603,4.75,409
2604,4.75,409
2605,4.75,409
2606,4.75,409
2607,4.75,409
2608,4.57,398
2609,4.57,398
2610,4.57,398
2611,4.57,398
2612,4.57,398
2613,4.57,398
2614,4.88,431
2615,4.88,431
2616,4.88,431
2617,4.88,431
2618,4.88,431
2619,4.88,431
2620,5.05,446
2621,5.05,446
2622,5.05,446
2623,5.05,446
2624,5.05,446
2625,5.05,446
2626,5.05,446
2627,5.24,405
2628,5.24,405
2629,5.24,405
2630,5.24,405
2631,5.24,405
2632,5.24,405
2633,5.68,398
2634,5.68,398
2635,5.68,398
2636,5.68,398
2637,5.68,398
2638,5.68,398
2639,5.81,391
2640,5.81,391
2641,5.81,391
2642,5.81,391
2643,5.81,391
2644,5.81,391
2645,6.02,380
2646,6.02,380
2647,6.02,380
2648,6.02,380
2649,6.02,380
2650,6.02,380
2651,6.02,380
2652,6.41,394
2653,6.41,394
2654,6.41,394
2655,6.41,394
2656,6.41,394
2657,6.41,394
2658,6.46,435
2659,6.46,435
2660,6.46,435
2661,6.46,435
2662,6.46,435
2663,6.46,435
2664,5.99,475
2665,5.99,475
2666,5.71,990
2667,5.71,990
2668,5.28,628
2669,5.28,628
2670,5.28,628
2671,5.28,628
2672,5.28,628
2673,5.28,628
2674,5.28,628
2675,4.75,409
2676,4.75,409
2677,4.75,409
2678,4.75,409
2679,4.75,409
2680,4.75,409
2681,4.57,398
2682,4.57,398
2683,4.57,398
2684,4.57,398
2685,4.57,398
2686,4.57,398
2687,4.88,431
2688,4.88,431
2689,4.88,431
2690,4.88,431
2691,4.88,431
2692,4.88,431
2693,5.05,446
2694,5.05,446
2695,5.05,446
2696,5.05,446
2697,5.05,446
2698,5.05,446
2699,5.05,446
2700,5.24,405
2701,5.24,405
2702,5.24,405
2703,5.24,405
2704,5.24,405
2705,5.24,405
2706,5.68,398
2707,5.68,398
2708,5.68,398
2709,5.68,398
2710,5.68,398
2711,5.68,398
2712,5.81,391
2713,5.81,391
2714,5.81,391
2715,5.81,391
2716,5.81,391
2717,5.81,391
2718,6.02,380
2719,6.02,380
2720,6.02,380
2721,6.02,380
2722,6.02,380
2723,6.02,380
2724,6.02,380
2725,6.41,394
2726,6.41,394
2727,6.41,394
2728,6.41,394
2729,6.41,394
2730,6.41,394
2731,6.46,435
2732,6.46,435
2733,6.46,435
2734,6.46,435
2735,6.46,435
2736,6.46,435
2737,5.99,475
2738,5.99,475
2739,5.99,475
2740,5.99,475
2741,5.99,475
2742,5.71,990
2743,5.71,990
2744,5.28,628
2745,5.28,628
2746,5.28,628
2747,5.28,628
2748,5.28,628
2749,5.28,628
2750,5.28,628
2751,4.75,409
2752,4.75,409
2753,4.75,409
2754,4.75,409
2755,4.75,409
2756,4.75,409
2757,4.57,398
2758,4.57,398
2759,4.57,398
2760,4.57,398
2761,4.57,398
2762,4.57,398
2763,4.88,431
2764,4.88,431
2765,4.88,431
2766,4.88,431
2767,4.88,431
2768,4.88,431
2769,5.05,446
2770,5.05,446
2771,5.05,446
2772,5.05,446
2773,5.05,446
2774,5.05,446
2775,5.05,446
2776,5.24,405
2777,5.24,405
2778,5.24,405
2779,5.24,405
2780,5.24,405
2781,5.24,405
2782,5.68,398
2783,5.68,398
2784,5.68,398
2785,5.68,398
2786,5.68,398
2787,5.68,398
2788,5.81,391
2789,5.81,391
2790,5.81,391
2791,5.81,391
2792,5.81,391
2793,5.81,391
2794,6.02,380
2795,6.02,380
2796,6.02,380
2797,6.02,380
2798,6.02,380
2799,6.02,380
2800,6.02,380
2801,6.41,394
2802,6.41,394
2803,6.41,394
2804,6.41,394
2805,6.41,394
2806,6.41,394
2807,6.46,435
2808,6.46,435
2809,6.46,435
2810,6.46,435
2811,6.46,435
2812,6.46,435
2813,5.99,475
2814,5.99,475
2815,5.99,475
2816,5.99,475
2817,5.99,475
2818,5.26,902
2819,5.26,902
2820,5.83,581
2821,5.83,581
2822,5.83,581
2823,5.83,581
2824,5.83,581
2825,5.83,581
2826,5.83,581
2827,5.76,409
2828,5.76,409
2829,5.76,409
2830,5.76,409
2831,5.76,409
2832,5.76,409
2833,5.45,413
2834,5.45,413
2835,5.45,413
2836,5.45,413
2837,5.45,413
2838,5.45,413
2839,5.32,482
2840,5.32,482
2841,5.32,482
2842,5.32,482
2843,5.32,482
2844,5.32,482
2845,5.14,526
2846,5.14,526
2847,5.14,526
2848,5.14,526
2849,5.14,526
2850,5.14,526
2851,5.14,526
2852,5.51,457
2853,5.51,457
2854,5.51,457
2855,5.51,457
2856,5.51,457
2857,5.51,457
2858,5.93,405
2859,5.93,405
2860,5.93,405
2861,5.93,405
2862,5.93,405
2863,5.93,405
2864,5.96,376
2865,5.96,376
2866,5.96,376
2867,5.96,376
2868,5.96,376
2869,5.96,376
2870,6.15,358
2871,6.15,358
2872,6.15,358
2873,6.15,358
2874,6.15,358
2875,6.15,358
2876,6.15,358
2877,6.69,380
2878,6.69,380
2879,6.69,380
2880,6.69,380
2881,6.69,380
2882,6.69,380
2883,6.61,424
2884,6.61,424
2885,6.61,424
2886,6.61,424
2887,6.61,424
2888,6.61,424
2889,5.91,457
2890,5.91,457
2891,5.91,457
2892,5.91,457
2893,5.91,457
2894,5.26,902
2895,5.26,902
2896,5.26,902
2897,5.83,581
2898,5.83,581
2899,5.83,581
2900,5.83,581
2901,5.83,581
2902,5.83,581
2903,5.83,581
2904,5.76,409
2905,5.76,409
2906,5.76,409
2907,5.76,409
2908,5.76,409
2909,5.76,409
2910,5.45,413
2911,5.45,413
2912,5.45,413
2913,5.45,413
2914,5.45,413
2915,5.45,413
2916,5.32,482
2917,5.32,482
2918,5.32,482
2919,5.32,482
2920,5.32,482
2921,5.32,482
2922,5.14,526
2923,5.14,526
2924,5.14,526
2925,5.14,526
2926,5.14,526
2927,5.14,526
2928,5.14,526
2929,5.51,457
2930,5.51,457
2931,5.51,457
2932,5.51,457
2933,5.51,457
2934,5.51,457
2935,5.93,405
2936,5.93,405
2937,5.93,405
2938,5.93,405
2939,5.93,405
2940,5.93,405
2941,5.96,376
2942,5.96,376
2943,5.96,376
2944,5.96,376
2945,5.96,376
2946,5.96,376
2947,6.15,358
2948,6.15,358
2949,6.15,358
2950,6.15,358
2951,6.15,358
2952,6.15,358
2953,6.15,358
2954,6.69,380
2955,6.69,380
2956,6.69,380
2957,6.69,380
2958,6.69,380
2959,6.69,380
2960,6.61,424
2961,6.61,424
2962,6.61,424
2963,6.61,424
2964,6.61,424
2965,6.61,424
2966,5.91,457
2967,5.91,457
2968,5.91,457
2969,5.91,457
2970,5.91,457
2971,5.91,457
2972,5.26,902
2973,5.26,902
2974,5.83,581
2975,5.83,581
2976,5.83,581
2977,5.83,581
2978,5.83,581
2979,5.83,581
2980,5.83,581
2981,5.76,409
2982,5.76,409
2983,5.76,409
2984,5.76,409
2985,5.76,409
2986,5.76,409
2987,5.45,413
2988,5.45,413
2989,5.45,413
2990,5.45,413
2991,5.45,413
2992,5.45,413
2993,5.32,482
2994,5.32,482
2995,5.32,482
2996,5.32,482
2997,5.32,482
2998,5.32,482
2999,5.14,526
3000,5.14,526
3001,5.14,526
3002,5.14,526
3003,5.14,526
3004,5.14,526
3005,5.14,526
3006,5.51,457
3007,5.51,457
3008,5.51,457
3009,5.51,457
3010,5.51,457
3011,5.51,457
3012,5.93,405
3013,5.93,405
3014,5.93,405
3015,5.93,405
3016,5.93,405
3017,5.93,405
3018,5.96,376
3019,5.96,376
3020,5.96,376
3021,5.96,376
3022,5.96,376
3023,5.96,376
3024,6.15,358
3025,6.15,358
3026,6.15,358
3027,6.15,358
3028,6.15,358
3029,6.15,358
3030,6.15,358
3031,6.69,380
3032,6.69,380
3033,6.69,380
3034,6.69,380
3035,6.69,380
3036,6.69,380
3037,6.61,424
3038,6.61,424
3039,6.61,424
3040,6.61,424
3041,6.61,424
3042,6.61,424
3043,5.91,457
3044,5.91,457
3045,5.91,457
3046,5.91,457
3047,5.91,457
3048,5.91,457
3049,5.21,468
3050,5.26,902
3051,5.83,581
3052,5.83,581
3053,5.83,581
3054,5.83,581
3055,5.83,581
3056,5.83,581
3057,5.83,581
3058,5.76,409
3059,5.76,409
3060,5.76,409
3061,5.76,409
3062,5.76,409
3063,5.76,409
3064,5.45,413
3065,5.45,413
3066,5.45,413
3067,5.45,413
3068,5.45,413
3069,5.45,413
3070,5.32,482
3071,5.32,482
3072,5.32,482
3073,5.32,482
3074,5.32,482
3075,5.32,482
3076,5.14,526
3077,5.14,526
3078,5.14,526
3079,5.14,526
3080,5.14,526
3081,5.14,526
3082,5.14,526
3083,5.51,457
3084,5.51,457
3085,5.51,457
3086,5.51,457
3087,5.51,457
3088,5.51,457
3089,5.93,405
3090,5.93,405
3091,5.93,405
3092,5.93,405
3093,5.93,405
3094,5.93,405
3095,5.96,376
3096,5.96,376
3097,5.96,376
3098,5.96,376
3099,5.96,376
3100,5.96,376
3101,6.15,358
3102,6.15,358
3103,6.15,358
3104,6.15,358
3105,6.15,358
3106,6.15,358
3107,6.15,358
3108,6.69,380
3109,6.69,380
3110,6.69,380
3111,6.69,380
3112,6.69,380
3113,6.69,380
3114,6.61,424
3115,6.61,424
3116,6.61,424
3117,6.61,424
3118,6.61,424
3119,6.61,424
3120,5.91,457
3121,5.91,457
3122,5.91,457
3123,5.91,457
3124,5.91,457
3125,5.91,457
3126,5.21,468
3127,5.21,468
3128,5.21,468
3129,5.21,468
3130,5.21,468
3131,5.83,581
3132,5.83,581
3133,5.83,581
3134,5.83,581
3135,5.83,581
3136,5.83,581
3137,5.76,409
3138,5.76,409
3139,5.76,409
3140,5.76,409
3141,5.76,409
3142,5.76,409
3143,5.45,413
3144,5.45,413
3145,5.45,413
3146,5.45,413
3147,5.45,413
3148,5.45,413
3149,5.32,482
3150,5.32,482
3151,5.32,482
3152,5.32,482
3153,5.32,482
3154,5.32,482
3155,5.14,526
3156,5.14,526
3157,5.14,526
3158,5.14,526
3159,5.14,526
3160,5.14,526
3161,5.14,526
3162,5.51,457
3163,5.51,457
3164,5.51,457
3165,5.51,457
3166,5.51,457
3167,5.51,457
3168,5.93,405
3169,5.93,405
3170,5.93,405
3171,5.93,405
3172,5.93,405
3173,5.93,405
3174,5.96,376
3175,5.96,376
3176,5.96,376
3177,5.96,376
3178,5.96,376
3179,5.96,376
3180,6.15,358
3181,6.15,358
3182,6.15,358
3183,6.15,358
3184,6.15,358
3185,6.15,358
3186,6.15,358
3187,6.69,380
3188,6.69,380
3189,6.69,380
3190,6.69,380
3191,6.69,380
3192,6.69,380
3193,6.61,424
3194,6.61,424
3195,6.61,424
3196,6.61,424
3197,6.61,424
3198,6.61,424
3199,5.91,457
3200,5.91,457
3201,5.91,457
3202,5.91,457
3203,5.91,457
3204,5.91,457
3205,5.21,468
3206,5.21,468
3207,5.21,468
3208,5.21,468
3209,5.21,468
3210,5.21,468
3211,5.21,468
3212,4.92,486
3213,4.92,486
3214,4.92,486
3215,5.87,552
3216,5.87,552
3217,5.87,552
3218,5.87,552
3219,5.87,552
3220,5.84,424
3221,5.84,424
3222,5.84,424
3223,5.84,424
3224,5.84,424
3225,5.84,424
3226,5.65,424
3227,5.65,424
3228,5.65,424
3229,5.65,424
3230,5.65,424
3231,5.65,424
3232,5.68,486
3233,5.68,486
3234,5.68,486
3235,5.68,486
3236,5.68,486
3237,5.68,486
3238,5.5,541
3239,5.5,541
3240,5.5,541
3241,5.5,541
3242,5.5,541
3243,5.5,541
3244,5.5,541
3245,5.5,508
3246,5.5,508
3247,5.5,508
3248,5.5,508
3249,5.5,508
3250,5.5,508
3251,5.9,446
3252,5.9,446
3253,5.9,446
3254,5.9,446
3255,5.9,446
3256,5.9,446
3257,6.14,394
3258,6.14,394
3259,6.14,394
3260,6.14,394
3261,6.14,394
3262,6.14,394
3263,6.21,358
3264,6.21,358
3265,6.21,358
3266,6.21,358
3267,6.21,358
3268,6.21,358
3269,6.21,358
3270,6.26,369
3271,6.26,369
3272,6.26,369
3273,6.26,369
3274,6.26,369
3275,6.26,369
3276,5.7,398
3277,5.7,398
3278,5.7,398
3279,5.7,398
3280,5.7,398
3281,5.7,398
3282,5.09,438
3283,5.09,438
3284,5.09,438
3285,5.09,438
3286,5.09,438
3287,5.09,438
3288,4.76,471
3289,4.76,471
3290,4.76,471
3291,4.76,471
3292,4.76,471
3293,4.76,471
3294,4.76,471
3295,4.32,519
3296,4.32,519
3297,4.32,519
3298,4.32,519
3299,4.32,519
3300,4.32,519
3301,5.87,552
3302,5.87,552
3303,5.87,552
3304,5.87,552
3305,5.84,424
3306,5.84,424
3307,5.84,424
3308,5.84,424
3309,5.84,424
3310,5.84,424
3311,5.65,424
3312,5.65,424
3313,5.65,424
3314,5.65,424
3315,5.65,424
3316,5.65,424
3317,5.68,486
3318,5.68,486
3319,5.68,486
3320,5.68,486
3321,5.68,486
3322,5.68,486
3323,5.5,541
3324,5.5,541
3325,5.5,541
3326,5.5,541
3327,5.5,541
3328,5.5,541
3329,5.5,541
3330,5.5,508
3331,5.5,508
3332,5.5,508
3333,5.5,508
3334,5.5,508
3335,5.5,508
3336,5.9,446
3337,5.9,446
3338,5.9,446
3339,5.9,446
3340,5.9,446
3341,5.9,446
3342,6.14,394
3343,6.14,394
3344,6.14,394
3345,6.14,394
3346,6.14,394
3347,6.14,394
3348,6.21,358
3349,6.21,358
3350,6.21,358
3351,6.21,358
3352,6.21,358
3353,6.21,358
3354,6.21,358
3355,6.26,369
3356,6.26,369
3357,6.26,369
3358,6.26,369
3359,6.26,369
3360,6.26,369
3361,5.7,398
3362,5.7,398
3363,5.7,398
3364,5.7,398
3365,5.7,398
3366,5.7,398
3367,5.09,438
3368,5.09,438
3369,5.09,438
3370,5.09,438
3371,5.09,438
3372,5.09,438
3373,4.76,471
3374,4.76,471
3375,4.76,471
3376,4.76,471
3377,4.76,471
3378,4.76,471
3379,4.76,471
3380,4.32,519
3381,4.32,519
3382,4.32,519
3383,4.32,519
3384,4.32,519
3385,4.32,519
3386,4.42,687
3387,5.87,552
3388,5.87,552
3389,5.87,552
3390,5.84,424
3391,5.84,424
3392,5.84,424
3393,5.84,424
3394,5.84,424
3395,5.84,424
3396,5.65,424
3397,5.65,424
3398,5.65,424
3399,5.65,424
3400,5.65,424
3401,5.65,424
3402,5.68,486
3403,5.68,486
3404,5.68,486
3405,5.68,486
3406,5.68,486
3407,5.68,486
3408,5.5,541
3409,5.5,541
3410,5.5,541
3411,5.5,541
3412,5.5,541
3413,5.5,541
3414,5.5,541
3415,5.5,508
3416,5.5,508
3417,5.5,508
3418,5.5,508
3419,5.5,508
3420,5.5,508
3421,5.9,446
3422,5.9,446
3423,5.9,446
3424,5.9,446
3425,5.9,446
3426,5.9,446
3427,6.14,394
3428,6.14,394
3429,6.14,394
3430,6.14,394
3431,6.14,394
3432,6.14,394
3433,6.21,358
3434,6.21,358
3435,6.21,358
3436,6.21,358
3437,6.21,358
3438,6.21,358
3439,6.21,358
3440,6.26,369
3441,6.26,369
3442,6.26,369
3443,6.26,369
3444,6.26,369
3445,6.26,369
3446,5.7,398
3447,5.7,398
3448,5.7,398
3449,5.7,398
3450,5.7,398
3451,5.7,398
3452,5.09,438
3453,5.09,438
3454,5.09,438
3455,5.09,438
3456,5.09,438
3457,5.09,438
3458,4.76,471
3459,4.76,471
3460,4.76,471
3461,4.76,471
3462,4.76,471
3463,4.76,471
3464,4.76,471
3465,4.32,519
3466,4.32,519
3467,4.32,519
3468,4.32,519
3469,4.32,519
3470,4.32,519
3471,4.42,687
3472,4.42,687
3473,4.42,687
3474,5.87,552
3475,5.87,552
3476,5.87,552
3477,5.87,552
3478,5.84,424
3479,5.84,424
3480,5.84,424
3481,5.84,424
3482,5.84,424
3483,5.84,424
3484,5.65,424
3485,5.65,424
3486,5.65,424
3487,5.65,424
3488,5.65,424
3489,5.65,424
3490,5.68,486
3491,5.68,486
3492,5.68,486
3493,5.68,486
3494,5.68,486
3495,5.68,486
3496,5.5,541
3497,5.5,541
3498,5.5,541
3499,5.5,541
3500,5.5,541
3501,5.5,541
3502,5.5,541
3503,5.5,508
3504,5.5,508
3505,5.5,508
3506,5.5,508
3507,5.5,508
3508,5.5,508
3509,5.9,446
3510,5.9,446
3511,5.9,446
3512,5.9,446
3513,5.9,446
3514,5.9,446
3515,6.14,394
3516,6.14,394
3517,6.14,394
3518,6.14,394
3519,6.14,394
3520,6.14,394
3521,6.21,358
3522,6.21,358
3523,6.21,358
3524,6.21,358
3525,6.21,358
3526,6.21,358
3527,6.21,358
3528,6.26,369
3529,6.26,369
3530,6.26,369
3531,6.26,369
3532,6.26,369
3533,6.26,369
3534,5.7,398
3535,5.7,398
3536,5.7,398
3537,5.7,398
3538,5.7,398
3539,5.7,398
3540,5.09,438
3541,5.09,438
3542,5.09,438
3543,5.09,438
3544,5.09,438
3545,5.09,438
3546,4.76,471
3547,4.76,471
3548,4.76,471
3549,4.76,471
3550,4.76,471
3551,4.76,471
3552,4.76,471
3553,4.32,519
3554,4.32,519
3555,4.32,519
3556,4.32,519
3557,4.32,519
3558,4.32,519
3559,4.42,687
3560,4.42,687
3561,4.42,687
3562,4.42,687
3563,4.42,687
3564,4.42,687
3565,5.87,552
3566,5.87,552
3567,5.87,552
3568,5.87,552
3569,5.87,552
3570,5.87,552
3571,5.87,552
3572,5.84,424
3573,5.84,424
3574,5.84,424
3575,5.84,424
3576,5.84,424
3577,5.84,424
3578,5.65,424
3579,5.65,424
3580,5.65,424
3581,5.65,424
3582,5.65,424
3583,5.65,424
3584,5.68,486
3585,5.68,486
3586,5.68,486
3587,5.68,486
3588,5.68,486
3589,5.68,486
3590,5.5,541
3591,5.5,541
3592,5.5,541
3593,5.5,541
3594,5.5,541
3595,5.5,541
3596,5.5,541
3597,5.5,508
3598,5.5,508
3599,5.5,508
3600,5.5,508
3601,5.5,508
3602,5.5,508
3603,5.9,446
3604,5.9,446
3605,5.9,446
3606,5.9,446
3607,5.9,446
3608,5.9,446
3609,6.14,394
3610,6.14,394
3611,6.14,394
3612,6.14,394
3613,6.14,394
3614,6.14,394
3615,6.21,358
3616,6.21,358
3617,6.21,358
3618,6.21,358
3619,6.21,358
3620,6.21,358
3621,6.21,358
3622,6.26,369
3623,6.26,369
3624,6.26,369
3625,6.26,369
3626,6.26,369
3627,6.26,369
3628,5.7,398
3629,5.7,398
3630,5.7,398
3631,5.7,398
3632,5.7,398
3633,5.7,398
3634,5.09,438
3635,5.09,438
3636,5.09,438
3637,5.09,438
3638,5.09,438
3639,5.09,438
3640,4.76,471
3641,4.76,471
3642,4.76,471
3643,4.76,471
3644,4.76,471
3645,4.76,471
3646,4.76,471
3647,4.32,519
3648,4.32,519
3649,4.32,519
3650,4.32,519
3651,4.32,519
3652,4.32,519
3653,4.42,687
3654,4.42,687
3655,4.42,687
3656,4.42,687
3657,4.42,687
3658,4.42,687
3659,5.87,727
3660,5.87,727
3661,3.73,1103
3662,3.73,1103
3663,4.27,939
3664,4.27,939
3665,5.52,548
3666,5.52,548
3667,5.52,548
3668,5.52,548
3669,5.52,548
3670,5.52,548
3671,5.65,464
3672,5.65,464
3673,5.65,464
3674,5.65,464
3675,5.65,464
3676,5.65,464
3677,5.67,453
3678,5.67,453
3679,5.67,453
3680,5.67,453
3681,5.67,453
3682,5.67,453
3683,5.82,493
3684,5.82,493
3685,5.82,493
3686,5.82,493
3687,5.82,493
3688,5.82,493
3689,5.81,541
3690,5.81,541
3691,5.81,541
3692,5.81,541
3693,5.81,541
3694,5.81,541
3695,5.81,541
3696,4.91,537
3697,4.91,537
3698,4.91,537
3699,4.91,537
3700,4.91,537
3701,4.91,537
3702,5.1,489
3703,5.1,489
3704,5.1,489
3705,5.1,489
3706,5.1,489
3707,5.1,489
3708,5.86,457
3709,5.86,457
3710,5.86,457
3711,5.86,457
3712,5.86,457
3713,5.86,457
3714,5.98,446
3715,5.98,446
3716,5.98,446
3717,5.98,446
3718,5.98,446
3719,5.98,446
3720,5.98,446
3721,5.63,435
3722,5.63,435
3723,5.63,435
3724,5.63,435
3725,5.63,435
3726,5.63,435
3727,4.68,460
3728,4.68,460
3729,4.68,460
3730,4.68,460
3731,4.68,460
3732,4.68,460
3733,4.01,493
3734,4.01,493
3735,4.01,493
3736,4.01,493
3737,4.01,493
3738,4.01,493
3739,4.07,526
3740,4.07,526
3741,4.07,526
3742,4.07,526
3743,4.07,526
3744,4.07,526
3745,4.07,526
3746,3.89,552
3747,3.89,552
3748,3.89,552
3749,3.89,552
3750,3.89,552
3751,3.89,552
3752,3.83,577
3753,3.83,577
3754,3.83,577
3755,3.83,577
3756,3.83,577
3757,3.83,577
3758,5.96,650
3759,5.96,650
3760,5.96,650
3761,4.61,1165
3762,4.61,1165
3763,3.73,1103
3764,3.73,1103
3765,3.73,1103
3766,3.73,1103
3767,4.27,939
3768,4.27,939
3769,4.27,939
3770,4.27,939
3771,4.27,939
3772,4.27,939
3773,4.79,709
3774,4.79,709
3775,4.79,709
3776,5.52,548
3777,5.52,548
3778,5.52,548
3779,5.52,548
3780,5.52,548
3781,5.52,548
3782,5.52,548
3783,5.65,464
3784,5.65,464
3785,5.65,464
3786,5.65,464
3787,5.65,464
3788,5.65,464
3789,5.67,453
3790,5.67,453
3791,5.67,453
3792,5.67,453
3793,5.67,453
3794,5.67,453
3795,5.82,493
3796,5.82,493
3797,5.82,493
3798,5.82,493
3799,5.82,493
3800,5.82,493
3801,5.81,541
3802,5.81,541
3803,5.81,541
3804,5.81,541
3805,5.81,541
3806,5.81,541
3807,5.81,541
3808,4.91,537
3809,4.91,537
3810,4.91,537
3811,4.91,537
3812,4.91,537
3813,4.91,537
3814,5.1,489
3815,5.1,489
3816,5.1,489
3817,5.1,489
3818,5.1,489
3819,5.1,489
3820,5.86,457
3821,5.86,457
3822,5.86,457
3823,5.86,457
3824,5.86,457
3825,5.86,457
3826,5.98,446
3827,5.98,446
3828,5.98,446
3829,5.98,446
3830,5.98,446
3831,5.98,446
3832,5.98,446
3833,5.63,435
3834,5.63,435
3835,5.63,435
3836,5.63,435
3837,5.63,435
3838,5.63,435
3839,4.68,460
3840,4.68,460
3841,4.68,460
3842,4.68,460
3843,4.68,460
3844,4.68,460
3845,4.01,493
3846,4.01,493
3847,4.01,493
3848,4.01,493
3849,4.01,493
3850,4.01,493
3851,4.07,526
3852,4.07,526
3853,4.07,526
3854,4.07,526
3855,4.07,526
3856,4.07,526
3857,4.07,526
3858,3.89,552
3859,3.89,552
3860,3.89,552
3861,3.89,552
3862,3.89,552
3863,3.89,552
3864,3.83,577
3865,3.83,577
3866,3.83,577
3867,3.83,577
3868,3.83,577
3869,3.83,577
3870,5.96,650
3871,5.96,650
3872,5.96,650
3873,5.96,650
3874,4.61,1165
3875,4.61,1165
3876,4.61,1165
3877,3.73,1103
3878,3.73,1103
3879,3.73,1103
3880,4.27,939
3881,4.27,939
3882,4.27,939
3883,4.27,939
3884,4.27,939
3885,4.27,939
3886,4.79,709
3887,4.79,709
3888,4.79,709
3889,4.79,709
3890,4.79,709
3891,4.79,709
3892,5.52,548
3893,5.52,548
3894,5.52,548
3895,5.52,548
3896,5.52,548
3897,5.52,548
3898,5.52,548
3899,5.65,464
3900,5.65,464
3901,5.65,464
3902,5.65,464
3903,5.65,464
3904,5.65,464
3905,5.67,453
3906,5.67,453
3907,5.67,453
3908,5.67,453
3909,5.67,453
3910,5.67,453
3911,5.82,493
3912,5.82,493
3913,5.82,493
3914,5.82,493
3915,5.82,493
3916,5.82,493
3917,5.81,541
3918,5.81,541
3919,5.81,541
3920,5.81,541
3921,5.81,541
3922,5.81,541
3923,5.81,541
3924,4.91,537
3925,4.91,537
3926,4.91,537
3927,4.91,537
3928,4.91,537
3929,4.91,537
3930,5.1,489
3931,5.1,489
3932,5.1,489
3933,5.1,489
3934,5.1,489
3935,5.1,489
3936,5.86,457
3937,5.86,457
3938,5.86,457
3939,5.86,457
3940,5.86,457
3941,5.86,457
3942,5.98,446
3943,5.98,446
3944,5.98,446
3945,5.98,446
3946,5.98,446
3947,5.98,446
3948,5.98,446
3949,5.63,435
3950,5.63,435
3951,5.63,435
3952,5.63,435
3953,5.63,435
3954,5.63,435
3955,4.68,460
3956,4.68,460
3957,4.68,460
3958,4.68,460
3959,4.68,460
3960,4.68,460
3961,4.01,493
3962,4.01,493
3963,4.01,493
3964,4.01,493
3965,4.01,493
3966,4.01,493
3967,4.07,526
3968,4.07,526
3969,4.07,526
3970,4.07,526
3971,4.07,526
3972,4.07,526
3973,4.07,526
3974,3.89,552
3975,3.89,552
3976,3.89,552
3977,3.89,552
3978,3.89,552
3979,3.89,552
3980,3.83,577
3981,3.83,577
3982,3.83,577
3983,3.83,577
3984,3.83,577
3985,3.83,577
3986,5.96,650
3987,5.96,650
3988,5.96,650
3989,5.96,650
3990,4.61,1165
3991,4.61,1165
3992,4.61,1165
3993,4.61,1165
3994,3.73,1103
3995,3.73,1103
3996,3.73,1103
3997,3.73,1103
3998,3.73,1103
3999,3.73,1103
4000,4.27,939
4001,4.27,939
4002,4.27,939
4003,4.27,939
4004,4.27,939
4005,4.27,939
4006,4.79,709
4007,4.79,709
4008,4.79,709
4009,4.79,709
4010,4.79,709
4011,4.79,709
4012,5.52,548
4013,5.52,548
4014,5.52,548
4015,5.52,548
4016,5.52,548
4017,5.52,548
4018,5.52,548
4019,5.65,464
4020,5.65,464
4021,5.65,464
4022,5.65,464
4023,5.65,464
4024,5.65,464
4025,5.67,453
4026,5.67,453
4027,5.67,453
4028,5.67,453
4029,5.67,453
4030,5.67,453
4031,5.82,493
4032,5.82,493
4033,5.82,493
4034,5.82,493
4035,5.82,493
4036,5.82,493
4037,5.81,541
4038,5.81,541
4039,5.81,541
4040,5.81,541
4041,5.81,541
4042,5.81,541
4043,5.81,541
4044,4.91,537
4045,4.91,537
4046,4.91,537
4047,4.91,537
4048,4.91,537
4049,4.91,537
4050,5.1,489
4051,5.1,489
4052,5.1,489
4053,5.1,489
4054,5.1,489
4055,5.1,489
4056,5.86,457
4057,5.86,457
4058,5.86,457
4059,5.86,457
4060,5.86,457
4061,5.86,457
4062,5.98,446
4063,5.98,446
4064,5.98,446
4065,5.98,446
4066,5.98,446
4067,5.98,446
4068,5.98,446
4069,5.63,435
4070,5.63,435
4071,5.63,435
4072,5.63,435
4073,5.63,435
4074,5.63,435
4075,4.68,460
4076,4.68,460
4077,4.68,460
4078,4.68,460
4079,4.68,460
4080,4.68,460
4081,4.01,493
4082,4.01,493
4083,4.01,493
4084,4.01,493
4085,4.01,493
4086,4.01,493
4087,4.07,526
4088,4.07,526
4089,4.07,526
4090,4.07,526
4091,4.07,526
4092,4.07,526
4093,4.07,526
4094,3.89,552
4095,3.89,552
4096,3.89,552
4097,3.89,552
4098,3.89,552
4099,3.89,552
4100,3.83,577
4101,3.83,577
4102,3.83,577
4103,3.83,577
4104,3.83,577
4105,3.83,577
4106,5.96,650
4107,5.96,650
4108,5.96,650
4109,4.61,1165
4110,4.61,1165
4111,4.61,1165
4112,3.73,1103
4113,3.73,1103
4114,3.73,1103
4115,3.73,1103
4116,3.73,1103
4117,3.73,1103
4118,4.27,939
4119,4.27,939
4120,4.27,939
4121,4.27,939
4122,4.27,939
4123,4.27,939
4124,4.79,709
4125,4.79,709
4126,4.79,709
4127,4.79,709
4128,4.79,709
4129,4.79,709
4130,5.52,548
4131,5.52,548
4132,5.52,548
4133,5.52,548
4134,5.52,548
4135,5.52,548
4136,5.52,548
4137,5.65,464
4138,5.65,464
4139,5.65,464
4140,5.65,464
4141,5.65,464
4142,5.65,464
4143,5.67,453
4144,5.67,453
4145,5.67,453
4146,5.67,453
4147,5.67,453
4148,5.67,453
4149,5.82,493
4150,5.82,493
4151,5.82,493
4152,5.82,493
4153,5.82,493
4154,5.82,493
4155,5.81,541
4156,5.81,541
4157,5.81,541
4158,5.81,541
4159,5.81,541
4160,5.81,541
4161,5.81,541
4162,4.91,537
4163,4.91,537
4164,4.91,537
4165,4.91,537
4166,4.91,537
4167,4.91,537
4168,5.1,489
4169,5.1,489
4170,5.1,489
4171,5.1,489
4172,5.1,489
4173,5.1,489
4174,5.86,457
4175,5.86,457
4176,5.86,457
4177,5.86,457
4178,5.86,457
4179,5.86,457
4180,5.98,446
4181,5.98,446
4182,5.98,446
4183,5.98,446
4184,5.98,446
4185,5.98,446
4186,5.98,446
4187,5.63,435
4188,5.63,435
4189,5.63,435
4190,5.63,435
4191,5.63,435
4192,5.63,435
4193,4.68,460
4194,4.68,460
4195,4.68,460
4196,4.68,460
4197,4.68,460
4198,4.68,460
4199,4.01,493
4200,4.01,493
4201,4.01,493
4202,4.01,493
4203,4.01,493
4204,4.01,493
4205,4.07,526
4206,4.07,526
4207,4.07,526
4208,4.07,526
4209,4.07,526
4210,4.07,526
4211,4.07,526
4212,3.89,552
4213,3.89,552
4214,3.89,552
4215,3.89,552
4216,3.89,552
4217,3.89,552
4218,3.83,577
4219,3.83,577
4220,3.83,577
4221,3.83,577
4222,3.83,577
4223,3.83,577
4224,5.96,650
4225,5.96,650
4226,5.96,650
4227,4.62,1264
4228,4.62,1264
4229,4.62,1264
4230,4.62,1264
4231,3.92,1143
4232,3.92,1143
4233,3.92,1143
4234,3.92,1143
4235,3.92,1143
4236,3.92,1143
4237,3.84,920
4238,3.84,920
4239,3.84,920
4240,3.84,920
4241,3.84,920
4242,3.84,920
4243,3.91,705
4244,3.91,705
4245,3.91,705
4246,3.91,705
4247,3.91,705
4248,3.91,705
4249,4.57,595
4250,4.57,595
4251,4.57,595
4252,4.57,595
4253,4.57,595
4254,4.57,595
4255,4.57,595
4256,5.3,548
4257,5.3,548
4258,5.3,548
4259,5.3,548
4260,5.3,548
4261,5.3,548
4262,5.52,548
4263,5.52,548
4264,5.52,548
4265,5.52,548
4266,5.52,548
4267,5.52,548
4268,5.85,595
4269,5.85,595
4270,5.85,595
4271,5.85,595
4272,5.85,595
4273,5.85,595
4274,6.19,632
4275,6.19,632
4276,6.19,632
4277,6.19,632
4278,6.19,632
4279,6.19,632
4280,6.19,632
4281,5.73,621
4282,5.73,621
4283,5.73,621
4284,5.73,621
4285,5.73,621
4286,5.73,621
4287,4.96,639
4288,4.96,639
4289,4.96,639
4290,4.96,639
4291,4.96,639
4292,4.96,639
4293,5.43,654
4294,5.43,654
4295,5.43,654
4296,5.43,654
4297,5.43,654
4298,5.43,654
4299,5.66,661
4300,5.66,661
4301,5.66,661
4302,5.66,661
4303,5.66,661
4304,5.66,661
4305,5.66,661
4306,4.96,646
4307,4.96,646
4308,4.96,646
4309,4.96,646
4310,4.96,646
4311,4.96,646
4312,4.29,657
4313,4.29,657
4314,4.29,657
4315,4.29,657
4316,4.29,657
4317,4.29,657
4318,3.87,679
4319,3.87,679
4320,3.87,679
4321,3.87,679
4322,3.87,679
4323,3.87,679
4324,3.89,690
4325,3.89,690
4326,3.89,690
4327,3.89,690
4328,3.89,690
4329,3.89,690
4330,3.89,690
4331,4.17,665
4332,4.17,665
4333,4.17,665
4334,4.17,665
4335,4.17,665
4336,4.17,665
4337,4.29,603
4338,4.29,603
4339,4.29,603
4340,4.29,603
4341,6.85,584
4342,6.85,584
4343,6.85,584
4344,6.85,584
4345,4.62,1264
4346,4.62,1264
4347,4.62,1264
4348,4.62,1264
4349,4.62,1264
4350,3.92,1143
4351,3.92,1143
4352,3.92,1143
4353,3.92,1143
4354,3.92,1143
4355,3.92,1143
4356,3.84,920
4357,3.84,920
4358,3.84,920
4359,3.84,920
4360,3.84,920
4361,3.84,920
4362,3.91,705
4363,3.91,705
4364,3.91,705
4365,3.91,705
4366,3.91,705
4367,3.91,705
4368,4.57,595
4369,4.57,595
4370,4.57,595
4371,4.57,595
4372,4.57,595
4373,4.57,595
4374,4.57,595
4375,5.3,548
4376,5.3,548
4377,5.3,548
4378,5.3,548
4379,5.3,548
4380,5.3,548
4381,5.52,548
4382,5.52,548
4383,5.52,548
4384,5.52,548
4385,5.52,548
4386,5.52,548
4387,5.85,595
4388,5.85,595
4389,5.85,595
4390,5.85,595
4391,5.85,595
4392,5.85,595
4393,6.19,632
4394,6.19,632
4395,6.19,632
4396,6.19,632
4397,6.19,632
4398,6.19,632
4399,6.19,632
4400,5.73,621
4401,5.73,621
4402,5.73,621
4403,5.73,621
4404,5.73,621
4405,5.73,621
4406,4.96,639
4407,4.96,639
4408,4.96,639
4409,4.96,639
4410,4.96,639
4411,4.96,639
4412,5.43,654
4413,5.43,654
4414,5.43,654
4415,5.43,654
4416,5.43,654
4417,5.43,654
4418,5.66,661
4419,5.66,661
4420,5.66,661
4421,5.66,661
4422,5.66,661
4423,5.66,661
4424,5.66,661
4425,4.96,646
4426,4.96,646
4427,4.96,646
4428,4.96,646
4429,4.96,646
4430,4.96,646
4431,4.29,657
4432,4.29,657
4433,4.29,657
4434,4.29,657
4435,4.29,657
4436,4.29,657
4437,3.87,679
4438,3.87,679
4439,3.87,679
4440,3.87,679
4441,3.87,679
4442,3.87,679
4443,3.89,690
4444,3.89,690
4445,3.89,690
4446,3.89,690
4447,3.89,690
4448,4.17,665
4449,4.17,665
4450,4.17,665
4451,6.85,584
4452,6.85,584
4453,6.85,584
4454,4.62,1264
4455,4.62,1264
4456,4.62,1264
4457,4.62,1264
4458,3.92,1143
4459,3.92,1143
4460,3.92,1143
4461,3.92,1143
4462,3.92,1143
4463,3.92,1143
4464,3.84,920
4465,3.84,920
4466,3.84,920
4467,3.84,920
4468,3.84,920
4469,3.84,920
4470,3.91,705
4471,3.91,705
4472,3.91,705
4473,3.91,705
4474,3.91,705
4475,3.91,705
4476,4.57,595
4477,4.57,595
4478,4.57,595
4479,4.57,595
4480,4.57,595
4481,4.57,595
4482,4.57,595
4483,5.3,548
4484,5.3,548
4485,5.3,548
4486,5.3,548
4487,5.3,548
4488,5.3,548
4489,5.52,548
4490,5.52,548
4491,5.52,548
4492,5.52,548
4493,5.52,548
4494,5.52,548
4495,5.85,595
4496,5.85,595
4497,5.85,595
4498,5.85,595
4499,5.85,595
4500,5.85,595
4501,6.19,632
4502,6.19,632
4503,6.19,632
4504,6.19,632
4505,6.19,632
4506,6.19,632
4507,6.19,632
4508,5.73,621
4509,5.73,621
4510,5.73,621
4511,5.73,621
4512,5.73,621
4513,5.73,621
4514,4.96,639
4515,4.96,639
4516,4.96,639
4517,4.96,639
4518,4.96,639
4519,4.96,639
4520,5.43,654
4521,5.43,654
4522,5.43,654
4523,5.43,654
4524,5.43,654
4525,5.43,654
4526,5.66,661
4527,5.66,661
4528,5.66,661
4529,5.66,661
4530,5.66,661
4531,5.66,661
4532,5.66,661
4533,4.96,646
4534,4.96,646
4535,4.96,646
4536,4.96,646
4537,4.96,646
4538,4.96,646
4539,4.29,657
4540,4.29,657
4541,4.29,657
4542,4.29,657
4543,4.29,657
4544,4.29,657
4545,3.87,679
4546,3.87,679
4547,3.87,679
4548,3.87,679
4549,3.87,679
4550,3.87,679
4551,3.89,690
4552,3.89,690
4553,3.89,690
4554,3.89,690
4555,3.89,690
4556,4.62,1264
4557,4.62,1264
4558,4.62,1264
4559,4.62,1264
4560,3.92,1143
4561,3.92,1143
4562,3.92,1143
4563,3.92,1143
4564,3.92,1143
4565,3.92,1143
4566,3.84,920
4567,3.84,920
4568,3.84,920
4569,3.84,920
4570,3.84,920
4571,3.84,920
4572,3.91,705
4573,3.91,705
4574,3.91,705
4575,3.91,705
4576,3.91,705
4577,3.91,705
4578,4.57,595
4579,4.57,595
4580,4.57,595
4581,4.57,595
4582,4.57,595
4583,4.57,595
4584,4.57,595
4585,5.3,548
4586,5.3,548
4587,5.3,548
4588,5.3,548
4589,5.3,548
4590,5.3,548
4591,5.52,548
4592,5.52,548
4593,5.52,548
4594,5.52,548
4595,5.52,548
4596,5.52,548
4597,5.85,595
4598,5.85,595
4599,5.85,595
4600,5.85,595
4601,5.85,595
4602,5.85,595
4603,6.19,632
4604,6.19,632
4605,6.19,632
4606,6.19,632
4607,6.19,632
4608,6.19,632
4609,6.19,632
4610,5.73,621
4611,5.73,621
4612,5.73,621
4613,5.73,621
4614,5.73,621
4615,5.73,621
4616,4.96,639
4617,4.96,639
4618,4.96,639
4619,4.96,639
4620,4.96,639
4621,4.96,639
4622,5.43,654
4623,5.43,654
4624,5.43,654
4625,5.43,654
4626,5.43,654
4627,5.43,654
4628,5.66,661
4629,5.66,661
4630,5.66,661
4631,5.66,661
4632,5.66,661
4633,5.66,661
4634,5.66,661
4635,4.96,646
4636,4.96,646
4637,4.96,646
4638,4.96,646
4639,4.96,646
4640,4.96,646
4641,4.29,657
4642,4.29,657
4643,4.29,657
4644,4.29,657
4645,4.29,657
4646,4.29,657
4647,3.87,679
4648,3.87,679
4649,3.87,679
4650,3.87,679
4651,3.87,679
4652,3.87,679
4653,3.89,690
4654,3.89,690
4655,3.89,690
4656,3.89,690
4657,3.89,690
4658,4.62,1264
4659,4.62,1264
4660,4.62,1264
4661,4.62,1264
4662,4.62,1264
4663,4.62,1264
4664,3.92,1143
4665,3.92,1143
4666,3.92,1143
4667,3.92,1143
4668,3.92,1143
4669,3.92,1143
4670,3.84,920
4671,3.84,920
4672,3.84,920
4673,3.84,920
4674,3.84,920
4675,3.84,920
4676,3.91,705
4677,3.91,705
4678,3.91,705
4679,3.91,705
4680,3.91,705
4681,3.91,705
4682,4.57,595
4683,4.57,595
4684,4.57,595
4685,4.57,595
4686,4.57,595
4687,4.57,595
4688,4.57,595
4689,5.3,548
4690,5.3,548
4691,5.3,548
4692,5.3,548
4693,5.3,548
4694,5.3,548
4695,5.52,548
4696,5.52,548
4697,5.52,548
4698,5.52,548
4699,5.52,548
4700,5.52,548
4701,5.85,595
4702,5.85,595
4703,5.85,595
4704,5.85,595
4705,5.85,595
4706,5.85,595
4707,6.19,632
4708,6.19,632
4709,6.19,632
4710,6.19,632
4711,6.19,632
4712,6.19,632
4713,6.19,632
4714,5.73,621
4715,5.73,621
4716,5.73,621
4717,5.73,621
4718,5.73,621
4719,5.73,621
4720,4.96,639
4721,4.96,639
4722,4.96,639
4723,4.96,639
4724,4.96,639
4725,4.96,639
4726,5.43,654
4727,5.43,654
4728,5.43,654
4729,5.43,654
4730,5.43,654
4731,5.43,654
4732,5.66,661
4733,5.66,661
4734,5.66,661
4735,5.66,661
4736,5.66,661
4737,5.66,661
4738,5.66,661
4739,4.96,646
4740,4.96,646
4741,4.96,646
4742,4.96,646
4743,4.96,646
4744,4.96,646
4745,4.29,657
4746,4.29,657
4747,3.87,679
4748,3.87,679
4749,3.89,690
4750,3.89,690
4751,4.89,1242
4752,4.89,1242
4753,4.89,1242
4754,4.89,1242
4755,4.89,1242
4756,4.89,1242
4757,4.89,1242
4758,4.22,1114
4759,4.22,1114
4760,4.22,1114
4761,4.22,1114
4762,4.22,1114
4763,4.22,1114
4764,3.98,939
4765,3.98,939
4766,3.98,939
4767,3.98,939
4768,3.98,939
4769,3.98,939
4770,3.97,815
4771,3.97,815
4772,3.97,815
4773,3.97,815
4774,3.97,815
4775,3.97,815
4776,4.25,767
4777,4.25,767
4778,4.25,767
4779,4.25,767
4780,4.25,767
4781,4.25,767
4782,4.25,767
4783,4.74,749
4784,4.74,749
4785,4.74,749
4786,4.74,749
4787,4.74,749
4788,4.74,749
4789,4.8,760
4790,4.8,760
4791,4.8,760
4792,4.8,760
4793,4.8,760
4794,4.8,760
4795,5.38,818
4796,5.38,818
4797,5.38,818
4798,5.38,818
4799,5.38,818
4800,5.38,818
4801,5.67,869
4802,5.67,869
4803,5.67,869
4804,5.67,869
4805,5.67,869
4806,5.67,869
4807,5.67,869
4808,5.49,899
4809,5.49,899
4810,5.49,899
4811,5.49,899
4812,5.49,899
4813,5.49,899
4814,4.8,931
4815,4.8,931
4816,4.8,931
4817,4.8,931
4818,4.8,931
4819,4.8,931
4820,4.81,968
4821,4.81,968
4822,4.81,968
4823,4.81,968
4824,4.81,968
4825,4.81,968
4826,4.72,950
4827,4.72,950
4828,4.72,950
4829,4.72,950
4830,4.72,950
4831,4.72,950
4832,4.72,950
4833,3.99,895
4834,3.99,895
4835,3.99,895
4836,6.79,1293
4837,6.79,1293
4838,4.89,1242
4839,4.89,1242
4840,4.89,1242
4841,4.89,1242
4842,4.89,1242
4843,4.89,1242
4844,4.89,1242
4845,4.22,1114
4846,4.22,1114
4847,4.22,1114
4848,4.22,1114
4849,4.22,1114
4850,4.22,1114
4851,3.98,939
4852,3.98,939
4853,3.98,939
4854,3.98,939
4855,3.98,939
4856,3.98,939
4857,3.97,815
4858,3.97,815
4859,3.97,815
4860,3.97,815
4861,3.97,815
4862,3.97,815
4863,4.25,767
4864,4.25,767
4865,4.25,767
4866,4.25,767
4867,4.25,767
4868,4.25,767
4869,4.25,767
4870,4.74,749
4871,4.74,749
4872,4.74,749
4873,4.74,749
4874,4.74,749
4875,4.74,749
4876,4.8,760
4877,4.8,760
4878,4.8,760
4879,4.8,760
4880,4.8,760
4881,4.8,760
4882,5.38,818
4883,5.38,818
4884,5.38,818
4885,5.38,818
4886,5.38,818
4887,5.38,818
4888,5.67,869
4889,5.67,869
4890,5.67,869
4891,5.67,869
4892,5.67,869
4893,5.67,869
4894,5.67,869
4895,5.49,899
4896,5.49,899
4897,5.49,899
4898,5.49,899
4899,5.49,899
4900,5.49,899
4901,4.8,931
4902,4.8,931
4903,4.8,931
4904,4.8,931
4905,4.8,931
4906,4.8,931
4907,4.81,968
4908,4.81,968
4909,4.81,968
4910,4.81,968
4911,4.81,968
4912,4.81,968
4913,4.72,950
4914,4.72,950
4915,4.72,950
4916,4.72,950
4917,4.72,950
4918,4.72,950
4919,4.72,950
4920,3.99,895
4921,3.99,895
4922,6.79,1293
4923,6.79,1293
4924,4.89,1242
4925,4.89,1242
4926,4.89,1242
4927,4.89,1242
4928,4.89,1242
4929,4.89,1242
4930,4.89,1242
4931,4.22,1114
4932,4.22,1114
4933,4.22,1114
4934,4.22,1114
4935,4.22,1114
4936,4.22,1114
4937,3.98,939
4938,3.98,939
4939,3.98,939
4940,3.98,939
4941,3.98,939
4942,3.98,939
4943,3.97,815
4944,3.97,815
4945,3.97,815
4946,3.97,815
4947,3.97,815
4948,3.97,815
4949,4.25,767
4950,4.25,767
4951,4.25,767
4952,4.25,767
4953,4.25,767
4954,4.25,767
4955,4.25,767
4956,4.74,749
4957,4.74,749
4958,4.74,749
4959,4.74,749
4960,4.74,749
4961,4.74,749
4962,4.8,760
4963,4.8,760
4964,4.8,760
4965,4.8,760
4966,4.8,760
4967,4.8,760
4968,5.38,818
4969,5.38,818
4970,5.38,818
4971,5.38,818
4972,5.38,818
4973,5.38,818
4974,5.67,869
4975,5.67,869
4976,5.67,869
4977,5.67,869
4978,5.67,869
4979,5.67,869
4980,5.67,869
4981,5.49,899
4982,5.49,899
4983,5.49,899
4984,5.49,899
4985,5.49,899
4986,5.49,899
4987,4.8,931
4988,4.8,931
4989,4.8,931
4990,4.8,931
4991,4.8,931
4992,4.8,931
4993,4.81,968
4994,4.81,968
4995,4.81,968
4996,4.81,968
4997,4.81,968
4998,4.81,968
4999,4.72,950
5000,4.72,950
5001,6.79,1293
5002,4.89,1242
5003,4.89,1242
5004,4.89,1242
5005,4.89,1242
5006,4.89,1242
5007,4.89,1242
5008,4.89,1242
5009,4.22,1114
5010,4.22,1114
5011,4.22,1114
5012,4.22,1114
5013,4.22,1114
5014,4.22,1114
5015,3.98,939
5016,3.98,939
5017,3.98,939
5018,3.98,939
5019,3.98,939
5020,3.98,939
5021,3.97,815
5022,3.97,815
5023,3.97,815
5024,3.97,815
5025,3.97,815
5026,3.97,815
5027,4.25,767
5028,4.25,767
5029,4.25,767
5030,4.25,767
5031,4.25,767
5032,4.25,767
5033,4.25,767
5034,4.74,749
5035,4.74,749
5036,4.74,749
5037,4.74,749
5038,4.74,749
5039,4.74,749
5040,4.8,760
5041,4.8,760
5042,4.8,760
5043,4.8,760
5044,4.8,760
5045,4.8,760
5046,5.38,818
5047,5.38,818
5048,5.38,818
5049,5.38,818
5050,5.38,818
5051,5.38,818
5052,5.67,869
5053,5.67,869
5054,5.67,869
5055,5.67,869
5056,5.67,869
5057,5.67,869
5058,5.67,869
5059,5.49,899
5060,5.49,899
5061,5.49,899
5062,5.49,899
5063,5.49,899
5064,5.49,899
5065,4.8,931
5066,4.8,931
5067,4.8,931
5068,4.8,931
5069,4.8,931
5070,4.8,931
5071,4.81,968
5072,4.81,968
5073,4.81,968
5074,4.81,968
5075,4.81,968
5076,4.81,968
5077,4.72,950
5078,4.72,950
5079,4.89,1242
5080,4.89,1242
5081,4.89,1242
5082,4.89,1242
5083,4.89,1242
5084,4.22,1114
5085,4.22,1114
5086,4.22,1114
5087,4.22,1114
5088,4.22,1114
5089,4.22,1114
5090,3.98,939
5091,3.98,939
5092,3.98,939
5093,3.98,939
5094,3.98,939
5095,3.98,939
5096,3.97,815
5097,3.97,815
5098,3.97,815
5099,3.97,815
5100,3.97,815
5101,3.97,815
5102,4.25,767
5103,4.25,767
5104,4.25,767
5105,4.25,767
5106,4.25,767
5107,4.25,767
5108,4.25,767
5109,4.74,749
5110,4.74,749
5111,4.74,749
5112,4.74,749
5113,4.74,749
5114,4.74,749
5115,4.8,760
5116,4.8,760
5117,4.8,760
5118,4.8,760
5119,4.8,760
5120,4.8,760
5121,5.38,818
5122,5.38,818
5123,5.38,818
5124,5.38,818
5125,5.38,818
5126,5.38,818
5127,5.67,869
5128,5.67,869
5129,5.67,869
5130,5.67,869
5131,5.67,869
5132,5.67,869
5133,5.67,869
5134,5.49,899
5135,5.49,899
5136,5.49,899
5137,5.49,899
5138,5.49,899
5139,5.49,899
5140,4.8,931
5141,4.8,931
5142,4.8,931
5143,4.8,931
5144,4.8,931
5145,4.8,931
5146,4.81,968
5147,4.81,968
5148,4.81,968
5149,4.81,968
5150,4.81,968
5151,4.81,968
5152,4.72,950
5153,4.72,950
5154,7.55,1132
5155,5.47,1045
5156,5.47,1045
5157,5.47,1045
5158,5.47,1045
5159,4.63,979
5160,4.63,979
5161,4.63,979
5162,4.63,979
5163,4.63,979
5164,4.63,979
5165,4.82,924
5166,4.82,924
5167,4.82,924
5168,4.82,924
5169,4.82,924
5170,4.82,924
5171,5.13,909
5172,5.13,909
5173,5.13,909
5174,5.13,909
5175,5.13,909
5176,5.13,909
5177,5.13,909
5178,5.47,906
5179,5.47,906
5180,5.47,906
5181,5.47,906
5182,5.47,906
5183,5.47,906
5184,5.4,961
5185,5.4,961
5186,5.4,961
5187,5.4,961
5188,5.4,961
5189,5.4,961
5190,5.62,990
5191,5.62,990
5192,5.62,990
5193,5.62,990
5194,5.62,990
5195,5.62,990
5196,5.79,993
5197,5.79,993
5198,5.79,993
5199,5.79,993
5200,5.79,993
5201,5.79,993
5202,5.79,993
5203,6.02,1001
5204,6.02,1001
5205,6.02,1001
5206,6.02,1001
5207,6.02,1001
5208,5.8,1056
5209,5.8,1056
5210,5.8,1056
5211,5.26,1070
5212,5.47,1045
5213,5.47,1045
5214,5.47,1045
5215,5.47,1045
5216,5.47,1045
5217,4.63,979
5218,4.63,979
5219,4.63,979
5220,4.63,979
5221,4.63,979
5222,4.63,979
5223,4.82,924
5224,4.82,924
5225,4.82,924
5226,4.82,924
5227,4.82,924
5228,4.82,924
5229,5.13,909
5230,5.13,909
5231,5.13,909
5232,5.13,909
5233,5.13,909
5234,5.13,909
5235,5.13,909
5236,5.47,906
5237,5.47,906
5238,5.47,906
5239,5.47,906
5240,5.47,906
5241,5.47,906
5242,5.4,961
5243,5.4,961
5244,5.4,961
5245,5.4,961
5246,5.79,993
5247,5.79,993
5248,5.79,993
5249,5.79,993
5250,5.79,993
5251,5.8,1056
5252,5.47,1045
5253,5.47,1045
5254,5.47,1045
5255,5.47,1045
5256,5.47,1045
5257,4.63,979
5258,4.63,979
5259,4.63,979
5260,4.63,979
5261,4.63,979
5262,4.63,979
5263,4.82,924
5264,4.82,924
5265,4.82,924
5266,4.82,924
5267,4.82,924
5268,4.82,924
5269,5.13,909
5270,5.13,909
5271,5.13,909
5272,5.13,909
5273,5.13,909
5274,5.13,909
5275,5.13,909
5276,5.47,906
5277,5.47,906
5278,5.47,906
5279,5.47,906
5280,5.47,1045
5281,5.47,1045
5282,5.47,1045
5283,4.63,979
5284,4.63,979
5285,4.63,979
5286,4.63,979
5287,4.63,979
5288,5.47,906
